NODE_1001_length_1255_cov_0.986667_1	CYP4F24P_XP_065068	66.0	50	17	0	7	56	266	315	8.2e-16	78.2
NODE_1001_length_1255_cov_0.986667_1	CYP4F24P_XP_065068	66.0	50	17	0	7	56	266	315	8.2e-16	78.2
NODE_1001_length_1255_cov_0.986667_1	CYP4F12	64.0	50	18	0	7	56	302	351	5.3e-15	75.5
NODE_1001_length_1255_cov_0.986667_1	CYP4F12	64.0	50	18	0	7	56	302	351	5.3e-15	75.5
NODE_1001_length_1255_cov_0.986667_1	Cyp4f14	66.0	50	17	0	7	56	302	351	9.1e-15	74.7
NODE_1001_length_1255_cov_0.986667_1	Cyp4f15	66.0	50	17	0	7	56	307	356	9.1e-15	74.7
NODE_1001_length_1255_cov_0.986667_1	Cyp4f14	66.0	50	17	0	7	56	302	351	9.1e-15	74.7
NODE_1001_length_1255_cov_0.986667_1	Cyp4f15	66.0	50	17	0	7	56	307	356	9.1e-15	74.7
NODE_1001_length_1255_cov_0.986667_1	CYP4F4	66.0	50	17	0	7	56	302	351	1.2e-14	74.3
NODE_1001_length_1255_cov_0.986667_1	CYP4F4	66.0	50	17	0	7	56	302	351	1.2e-14	74.3
NODE_1001_length_1255_cov_0.986667_1	CYP4F8	64.0	50	18	0	7	56	302	351	1.6e-14	73.9
NODE_1001_length_1255_cov_0.986667_1	CYP4F8	64.0	50	18	0	7	56	302	351	1.6e-14	73.9
NODE_1001_length_1255_cov_0.986667_1	CYP4F24P_AC011537	62.0	50	19	0	7	56	301	350	2.0e-14	73.6
NODE_1001_length_1255_cov_0.986667_1	CYP4F24P_AC011537	62.0	50	19	0	7	56	301	350	2.0e-14	73.6
NODE_1001_length_1255_cov_0.986667_1	CYP4F2	62.0	50	19	0	7	56	302	351	2.7e-14	73.2
NODE_1001_length_1255_cov_0.986667_1	CYP4F3	62.0	50	19	0	7	56	302	351	2.7e-14	73.2
NODE_1001_length_1255_cov_0.986667_1	CYP4F11	62.0	50	19	0	7	56	301	350	2.7e-14	73.2
NODE_1001_length_1255_cov_0.986667_1	Cyp4f18	66.7	54	15	2	5	56	299	351	2.7e-14	73.2
NODE_1001_length_1255_cov_0.986667_1	CYP4F2	62.0	50	19	0	7	56	302	351	2.7e-14	73.2
NODE_1001_length_1255_cov_0.986667_1	CYP4F3	62.0	50	19	0	7	56	302	351	2.7e-14	73.2
NODE_1001_length_1255_cov_0.986667_1	CYP4F11	62.0	50	19	0	7	56	301	350	2.7e-14	73.2
NODE_1001_length_1255_cov_0.986667_1	Cyp4f18	66.7	54	15	2	5	56	299	351	2.7e-14	73.2
NODE_1001_length_1255_cov_0.986667_1	Cyp4f16	64.0	50	18	0	7	56	302	351	4.5e-14	72.4
NODE_1001_length_1255_cov_0.986667_1	Cyp4f17	64.0	50	18	0	7	56	302	351	4.5e-14	72.4
NODE_1001_length_1255_cov_0.986667_1	Cyp4f37	64.0	50	18	0	7	56	302	351	4.5e-14	72.4
NODE_3064_length_1000_cov_1.396825_1	CYP3A7	25.2	282	191	11	11	284	7	276	5.5e-12	67.8
NODE_3064_length_1000_cov_1.396825_1	CYP3A7	25.2	282	191	11	11	284	7	276	5.5e-12	67.8
NODE_3769_length_954_cov_1.040044_1	CYP5205A2	34.3	99	57	2	5	95	348	446	1.8e-11	64.7
NODE_3769_length_954_cov_1.040044_1	CYP5205A2	34.3	99	57	2	5	95	348	446	1.8e-11	64.7
NODE_3769_length_954_cov_1.040044_1	CYP617E3	39.4	94	54	2	2	92	296	389	5.9e-10	59.7
NODE_3769_length_954_cov_1.040044_1	CYP617E3	39.4	94	54	2	2	92	296	389	5.9e-10	59.7
NODE_3769_length_954_cov_1.040044_1	CYP547B2	33.6	113	67	3	1	105	327	439	1.0e-09	58.9
NODE_3769_length_954_cov_1.040044_1	CYP547B2	33.6	113	67	3	1	105	327	439	1.0e-09	58.9
NODE_5868_length_862_cov_1.312268_1	CYP4A2	51.9	77	34	2	1	77	380	453	2.8e-18	87.0
NODE_5868_length_862_cov_1.312268_1	CYP4A2	51.9	77	34	2	1	77	380	453	2.8e-18	87.0
NODE_5868_length_862_cov_1.312268_1	CYP4A1	46.8	77	38	2	1	77	385	458	2.3e-17	84.0
NODE_5868_length_862_cov_1.312268_1	CYP4A1	46.8	77	38	2	1	77	385	458	2.3e-17	84.0
NODE_5868_length_862_cov_1.312268_1	Cyp4a10	46.8	77	38	2	1	77	385	458	3.0e-17	83.6
NODE_5868_length_862_cov_1.312268_1	Cyp4a31	46.8	77	38	2	1	77	383	456	3.0e-17	83.6
NODE_5868_length_862_cov_1.312268_1	Cyp4a32	46.8	77	38	2	1	77	385	458	3.0e-17	83.6
NODE_5868_length_862_cov_1.312268_1	Cyp4a10	46.8	77	38	2	1	77	385	458	3.0e-17	83.6
NODE_5868_length_862_cov_1.312268_1	Cyp4a31	46.8	77	38	2	1	77	383	456	3.0e-17	83.6
NODE_5868_length_862_cov_1.312268_1	Cyp4a32	46.8	77	38	2	1	77	385	458	3.0e-17	83.6
NODE_5868_length_862_cov_1.312268_1	CYP3A99	45.6	79	39	1	15	89	382	460	2.6e-16	80.5
NODE_5868_length_862_cov_1.312268_1	CYP4F2	42.9	77	43	1	1	77	395	470	2.6e-16	80.5
NODE_5868_length_862_cov_1.312268_1	CYP3A99	45.6	79	39	1	15	89	382	460	2.6e-16	80.5
NODE_5868_length_862_cov_1.312268_1	CYP4F2	42.9	77	43	1	1	77	395	470	2.6e-16	80.5
NODE_5868_length_862_cov_1.312268_1	CYP4A11	44.2	77	40	2	1	77	386	459	5.7e-16	79.3
NODE_5868_length_862_cov_1.312268_1	CYP4A11	44.2	77	40	2	1	77	386	459	5.7e-16	79.3
NODE_5868_length_862_cov_1.312268_1	Cyp3a16	43.0	93	48	2	2	89	371	463	7.5e-16	79.0
NODE_5868_length_862_cov_1.312268_1	Cyp3a16	43.0	93	48	2	2	89	371	463	7.5e-16	79.0
NODE_5868_length_862_cov_1.312268_1	CYP4A37	44.3	79	41	2	1	79	386	461	9.8e-16	78.6
NODE_5868_length_862_cov_1.312268_1	CYP4A37	44.3	79	41	2	1	79	386	461	9.8e-16	78.6
NODE_5868_length_862_cov_1.312268_1	CYP4A38	43.0	79	42	2	1	79	386	461	1.7e-15	77.8
NODE_5868_length_862_cov_1.312268_1	CYP4A38	43.0	79	42	2	1	79	386	461	1.7e-15	77.8
NODE_5868_length_862_cov_1.312268_1	Cyp3a44	40.9	93	50	2	2	89	369	461	2.2e-15	77.4
NODE_5868_length_862_cov_1.312268_1	Cyp3a44	40.9	93	50	2	2	89	369	461	2.2e-15	77.4
NODE_5868_length_862_cov_1.312268_1	CYP4A39	43.0	79	42	2	1	79	386	461	4.9e-15	76.3
NODE_6292_length_846_cov_1.413401_1	CYP3A98	28.5	158	97	6	32	188	4	146	3.6e-12	67.8
NODE_6292_length_846_cov_1.413401_1	CYP3A98	28.5	158	97	6	32	188	4	146	3.6e-12	67.8
NODE_6292_length_846_cov_1.413401_1	CYP3A99	26.0	154	100	5	36	188	6	146	4.4e-10	60.8
NODE_6292_length_846_cov_1.413401_1	CYP3A99	26.0	154	100	5	36	188	6	146	4.4e-10	60.8
NODE_6292_length_846_cov_1.413401_1	CYP3A9	27.9	154	95	6	36	188	8	146	5.8e-10	60.5
NODE_6292_length_846_cov_1.413401_1	CYP3A9	27.9	154	95	6	36	188	8	146	5.8e-10	60.5
NODE_6292_length_846_cov_1.413401_1	CYP3A	25.2	159	104	4	31	188	3	147	1.3e-09	59.3
NODE_6292_length_846_cov_1.413401_1	CYP3A	25.2	159	104	4	31	188	3	147	1.3e-09	59.3
NODE_6292_length_846_cov_1.413401_1	Cyp3a13	26.6	154	97	6	36	188	8	146	4.2e-08	54.3
NODE_6292_length_846_cov_1.413401_1	Cyp3a13	26.6	154	97	6	36	188	8	146	4.2e-08	54.3
NODE_8533_length_780_cov_1.645517_1	CYP5A1	25.5	102	71	2	4	105	10	106	9.6e-06	45.8
NODE_8533_length_780_cov_1.645517_1	CYP5A1	25.5	102	71	2	4	105	10	106	9.6e-06	45.8
NODE_8533_length_780_cov_1.645517_1	CYP5A1	29.8	104	59	3	7	105	17	111	3.1e-04	40.8
NODE_8533_length_780_cov_1.645517_1	CYP5A1	29.8	104	59	3	7	105	17	111	3.1e-04	40.8
NODE_14275_length_672_cov_1.003241_1	CYP5A1	25.5	102	71	2	3	104	10	106	1.9e-05	44.7
NODE_14275_length_672_cov_1.003241_1	CYP5A1	25.5	102	71	2	3	104	10	106	1.9e-05	44.7
NODE_17241_length_635_cov_0.987931_1	Cyp3a13	50.0	66	32	1	1	66	295	359	1.4e-09	57.8
NODE_17241_length_635_cov_0.987931_1	Cyp3a13	50.0	66	32	1	1	66	295	359	1.4e-09	57.8
NODE_17241_length_635_cov_0.987931_1	CYP5A1	42.4	66	37	1	1	66	330	394	2.4e-09	57.0
NODE_17241_length_635_cov_0.987931_1	CYP5A1	42.4	66	37	1	1	66	330	394	2.4e-09	57.0
NODE_17241_length_635_cov_0.987931_1	CYP3A98	43.9	66	36	1	1	66	295	359	3.4e-08	53.1
NODE_17241_length_635_cov_0.987931_1	CYP3B1	43.8	64	35	1	3	66	262	324	3.4e-08	53.1
NODE_17241_length_635_cov_0.987931_1	CYP3B1	43.8	64	35	1	3	66	256	318	3.4e-08	53.1
NODE_17241_length_635_cov_0.987931_1	CYP3A98	43.9	66	36	1	1	66	295	359	3.4e-08	53.1
NODE_17241_length_635_cov_0.987931_1	CYP3B1	43.8	64	35	1	3	66	262	324	3.4e-08	53.1
NODE_17241_length_635_cov_0.987931_1	CYP3B1	43.8	64	35	1	3	66	256	318	3.4e-08	53.1
NODE_17241_length_635_cov_0.987931_1	CYP5076C2	34.9	63	41	0	1	63	345	407	2.9e-07	50.1
NODE_17241_length_635_cov_0.987931_1	CYP5076C2	34.9	63	41	0	1	63	345	407	2.9e-07	50.1
NODE_17241_length_635_cov_0.987931_1	CYP3C1	45.2	62	31	2	3	63	302	361	8.4e-07	48.5
NODE_17241_length_635_cov_0.987931_1	CYP3C1	45.2	62	31	2	3	63	302	361	8.4e-07	48.5
NODE_17241_length_635_cov_0.987931_1	CYP3C1	45.2	62	31	2	3	63	302	361	1.9e-06	47.4
NODE_17241_length_635_cov_0.987931_1	CYP3C1	45.2	62	31	2	3	63	302	361	1.9e-06	47.4
NODE_17241_length_635_cov_0.987931_1	CYP52A26	41.3	63	37	0	4	66	308	370	2.5e-06	47.0
NODE_17241_length_635_cov_0.987931_1	CYP52A26	41.3	63	37	0	4	66	308	370	2.5e-06	47.0
NODE_17241_length_635_cov_0.987931_1	CYP3C.b	40.3	62	34	2	3	63	253	312	7.1e-06	45.4
NODE_17241_length_635_cov_0.987931_1	CYP628B1	34.9	63	41	0	1	63	346	408	7.1e-06	45.4
NODE_17241_length_635_cov_0.987931_1	CYP3C.b	40.3	62	34	2	3	63	253	312	7.1e-06	45.4
NODE_17241_length_635_cov_0.987931_1	CYP628B1	34.9	63	41	0	1	63	346	408	7.1e-06	45.4
NODE_17241_length_635_cov_0.987931_1	CYP5076C2	31.7	63	43	0	1	63	346	408	9.3e-06	45.1
NODE_17241_length_635_cov_0.987931_1	CYP5076C2	31.7	63	43	0	1	63	346	408	9.3e-06	45.1
NODE_17241_length_635_cov_0.987931_1	CYP505A1	35.4	65	40	1	4	68	263	325	2.1e-05	43.9
NODE_21739_length_591_cov_2.322761_1	CYP4A37	39.8	93	53	2	2	94	380	469	6.8e-16	79.3
NODE_21739_length_591_cov_2.322761_1	CYP4A37	39.8	93	53	2	2	94	380	469	6.8e-16	79.3
NODE_21739_length_591_cov_2.322761_1	CYP4A38	38.7	93	54	2	2	94	380	469	1.2e-15	78.6
NODE_21739_length_591_cov_2.322761_1	CYP4A38	38.7	93	54	2	2	94	380	469	1.2e-15	78.6
NODE_21739_length_591_cov_2.322761_1	CYP4A39	38.7	93	54	2	2	94	380	469	3.4e-15	77.0
NODE_21739_length_591_cov_2.322761_1	CYP4A39	38.7	93	54	2	2	94	380	469	3.4e-15	77.0
NODE_25121_length_565_cov_1.056863_1	CYP4V6	34.2	155	93	2	3	157	367	512	4.4e-22	100.5
NODE_25121_length_565_cov_1.056863_1	CYP4V6	34.2	155	93	2	3	157	367	512	4.4e-22	100.5
NODE_25121_length_565_cov_1.056863_1	CYP4V5	34.6	153	91	2	3	155	367	510	4.2e-20	94.0
NODE_25121_length_565_cov_1.056863_1	CYP4V5	34.6	153	91	2	3	155	367	510	4.2e-20	94.0
NODE_25121_length_565_cov_1.056863_1	CYP3A47	33.8	133	81	1	3	135	306	431	5.4e-20	93.6
NODE_25121_length_565_cov_1.056863_1	CYP3B1	32.8	134	83	1	2	135	317	443	5.4e-20	93.6
NODE_25121_length_565_cov_1.056863_1	CYP3B1	32.8	134	83	1	2	135	311	437	5.4e-20	93.6
NODE_25121_length_565_cov_1.056863_1	CYP3A47	33.8	133	81	1	3	135	306	431	5.4e-20	93.6
NODE_25121_length_565_cov_1.056863_1	CYP3B1	32.8	134	83	1	2	135	317	443	5.4e-20	93.6
NODE_25121_length_565_cov_1.056863_1	CYP3B1	32.8	134	83	1	2	135	311	437	5.4e-20	93.6
NODE_25121_length_565_cov_1.056863_1	CYP3A18	33.6	134	82	1	3	136	353	479	1.2e-19	92.4
NODE_25121_length_565_cov_1.056863_1	CYP3A18	33.6	134	82	1	3	136	353	479	1.2e-19	92.4
NODE_25121_length_565_cov_1.056863_1	CYP3A48	34.2	155	92	3	3	156	353	498	2.1e-19	91.7
NODE_25121_length_565_cov_1.056863_1	CYP3A48	34.2	155	92	3	3	156	353	498	2.1e-19	91.7
NODE_25121_length_565_cov_1.056863_1	CYP711	34.0	141	84	3	1	139	374	507	3.5e-19	90.9
NODE_25121_length_565_cov_1.056863_1	CYP711	34.0	141	84	3	1	139	374	507	3.5e-19	90.9
NODE_25121_length_565_cov_1.056863_1	CYP3A49	32.7	156	95	3	3	157	332	478	6.6e-18	86.7
NODE_25121_length_565_cov_1.056863_1	CYP3A49	32.7	156	95	3	3	157	332	478	6.6e-18	86.7
NODE_25121_length_565_cov_1.056863_1	CYP3B2	31.1	135	85	2	2	135	352	479	3.3e-17	84.3
NODE_25121_length_565_cov_1.056863_1	CYP3B2	31.1	135	85	2	2	135	352	479	3.3e-17	84.3
NODE_25121_length_565_cov_1.056863_1	CYP3C.b	31.1	151	94	2	5	155	311	451	4.3e-17	84.0
NODE_25121_length_565_cov_1.056863_1	CYP3C.b	31.1	151	94	2	5	155	311	451	4.3e-17	84.0
NODE_25121_length_565_cov_1.056863_1	CYP4V7	30.9	152	96	2	3	154	366	508	7.3e-17	83.2
NODE_25121_length_565_cov_1.056863_1	CYP4V7	30.9	152	96	2	3	154	366	508	7.3e-17	83.2
NODE_25121_length_565_cov_1.056863_1	CYP2S1	32.2	146	86	3	20	153	349	493	6.9e-15	76.6
NODE_29904_length_531_cov_1.380252_1	CYP3A4	45.1	164	82	2	13	176	293	448	1.2e-38	155.6
NODE_29904_length_531_cov_1.380252_1	CYP3A4	45.1	164	82	2	13	176	293	448	1.2e-38	155.6
NODE_29904_length_531_cov_1.380252_1	CYP3A43	44.5	164	83	2	13	176	295	450	6.1e-38	153.3
NODE_29904_length_531_cov_1.380252_1	CYP3A43	44.5	164	83	2	13	176	295	450	6.1e-38	153.3
NODE_29904_length_531_cov_1.380252_1	CYP3A7	43.3	164	85	2	13	176	294	449	1.8e-37	151.8
NODE_29904_length_531_cov_1.380252_1	CYP3A7	43.3	164	85	2	13	176	294	449	1.8e-37	151.8
NODE_29904_length_531_cov_1.380252_1	CYP3A5_v1	42.7	164	85	3	13	176	294	448	7.5e-36	146.4
NODE_29904_length_531_cov_1.380252_1	CYP3A5_v1	42.7	164	85	3	13	176	294	448	7.5e-36	146.4
NODE_29904_length_531_cov_1.380252_1	CYP3A99	42.7	164	86	2	13	176	294	449	9.8e-36	146.0
NODE_29904_length_531_cov_1.380252_1	CYP3A99	42.7	164	86	2	13	176	294	449	9.8e-36	146.0
NODE_29904_length_531_cov_1.380252_1	Cyp3a44	40.9	164	89	2	13	176	295	450	1.7e-35	145.2
NODE_29904_length_531_cov_1.380252_1	Cyp3a44	40.9	164	89	2	13	176	295	450	1.7e-35	145.2
NODE_29904_length_531_cov_1.380252_1	CYP3A27	43.5	168	87	2	9	176	295	454	2.8e-35	144.4
NODE_29904_length_531_cov_1.380252_1	CYP3A27	43.5	168	87	2	9	176	295	454	2.8e-35	144.4
NODE_29904_length_531_cov_1.380252_1	CYP3A98	43.6	165	83	3	13	176	294	449	3.7e-35	144.1
NODE_29904_length_531_cov_1.380252_1	CYP3A98	43.6	165	83	3	13	176	294	449	3.7e-35	144.1
NODE_29904_length_531_cov_1.380252_1	Cyp3a41	42.7	164	85	3	13	175	295	450	1.1e-34	142.5
NODE_29904_length_531_cov_1.380252_1	Cyp3a41	42.7	164	85	3	13	175	295	450	1.1e-34	142.5
NODE_29904_length_531_cov_1.380252_1	CYP3A47	40.7	177	93	4	2	176	236	402	7.7e-33	136.3
NODE_29904_length_531_cov_1.380252_1	CYP3A47	40.7	177	93	4	2	176	236	402	7.7e-33	136.3
NODE_29904_length_531_cov_1.380252_1	CYP3C.b	35.7	168	100	2	9	176	246	405	1.6e-30	128.6
NODE_29904_length_531_cov_1.380252_1	CYP3C.b	35.7	168	100	2	9	176	246	405	1.6e-30	128.6
NODE_29904_length_531_cov_1.380252_1	CYP3C1	38.1	168	96	2	9	176	295	454	2.8e-30	127.9
NODE_29904_length_531_cov_1.380252_1	CYP3C1	38.1	168	96	2	9	176	295	454	2.8e-30	127.9
NODE_29904_length_531_cov_1.380252_1	CYP3B1	36.9	168	98	2	9	176	255	414	6.1e-30	126.7
NODE_31616_length_520_cov_1.060215_1	CYP3A18	32.9	158	97	3	9	160	126	280	3.7e-16	80.9
NODE_31616_length_520_cov_1.060215_1	CYP3A18	32.9	158	97	3	9	160	126	280	3.7e-16	80.9
NODE_31616_length_520_cov_1.060215_1	Cyp3a25	32.3	158	98	3	9	160	126	280	4.9e-16	80.5
NODE_31616_length_520_cov_1.060215_1	Cyp3a25	32.3	158	98	3	9	160	126	280	4.9e-16	80.5
NODE_31616_length_520_cov_1.060215_1	CYP3A99	31.6	158	105	2	9	163	126	283	9.2e-15	76.3
NODE_31616_length_520_cov_1.060215_1	Cyp3a11	31.0	158	106	2	9	163	126	283	9.2e-15	76.3
NODE_31616_length_520_cov_1.060215_1	Cyp3a59	31.6	158	99	3	9	160	131	285	9.2e-15	76.3
NODE_31616_length_520_cov_1.060215_1	CYP3A99	31.6	158	105	2	9	163	126	283	9.2e-15	76.3
NODE_31616_length_520_cov_1.060215_1	Cyp3a11	31.0	158	106	2	9	163	126	283	9.2e-15	76.3
NODE_31616_length_520_cov_1.060215_1	Cyp3a59	31.6	158	99	3	9	160	131	285	9.2e-15	76.3
NODE_31616_length_520_cov_1.060215_1	CYP3A4	30.6	157	107	2	9	163	126	282	1.6e-14	75.5
NODE_31616_length_520_cov_1.060215_1	CYP3A4	30.6	157	107	2	9	163	126	282	1.6e-14	75.5
NODE_31616_length_520_cov_1.060215_1	CYP3A2	29.7	158	108	2	9	163	126	283	2.1e-14	75.1
NODE_31616_length_520_cov_1.060215_1	CYP3A2	29.7	158	108	2	9	163	126	283	2.1e-14	75.1
NODE_31616_length_520_cov_1.060215_1	CYP3A98	31.0	158	106	2	9	163	126	283	2.7e-14	74.7
NODE_31616_length_520_cov_1.060215_1	CYP3A98	31.0	158	106	2	9	163	126	283	2.7e-14	74.7
NODE_31616_length_520_cov_1.060215_1	CYP3A5_v1	29.7	158	108	2	9	163	126	283	4.6e-14	73.9
NODE_31616_length_520_cov_1.060215_1	CYP3A1	30.4	158	107	2	9	163	126	283	4.6e-14	73.9
NODE_31616_length_520_cov_1.060215_1	CYP3A5_v1	29.7	158	108	2	9	163	126	283	4.6e-14	73.9
NODE_31616_length_520_cov_1.060215_1	CYP3A1	30.4	158	107	2	9	163	126	283	4.6e-14	73.9
NODE_31616_length_520_cov_1.060215_1	Cyp3a41	29.8	161	104	3	9	163	126	283	6.0e-14	73.6
NODE_31616_length_520_cov_1.060215_1	Cyp3a41	29.8	161	104	3	9	163	126	283	6.0e-14	73.6
NODE_31616_length_520_cov_1.060215_1	Cyp3a16	30.4	158	107	2	9	163	128	285	1.3e-13	72.4
NODE_31616_length_520_cov_1.060215_1	Cyp3a16	30.4	158	107	2	9	163	128	285	1.3e-13	72.4
NODE_31616_length_520_cov_1.060215_1	Cyp3a44	29.2	161	105	3	9	163	126	283	1.7e-13	72.0
NODE_32650_length_513_cov_1.259825_1	CYP52A26	34.2	76	48	1	1	74	314	389	2.3e-05	43.9
NODE_32650_length_513_cov_1.259825_1	CYP52A26	34.2	76	48	1	1	74	314	389	2.3e-05	43.9
NODE_32650_length_513_cov_1.259825_1	CYP52A45	33.3	78	44	2	1	72	328	403	3.0e-05	43.5
NODE_32650_length_513_cov_1.259825_1	CYP52A45	33.3	78	44	2	1	72	328	403	3.0e-05	43.5
NODE_32650_length_513_cov_1.259825_1	CYP52A47	32.1	78	45	2	1	72	324	399	6.7e-05	42.4
NODE_32650_length_513_cov_1.259825_1	CYP52A47	32.1	78	45	2	1	72	324	399	6.7e-05	42.4
NODE_32650_length_513_cov_1.259825_1	CYP5A1	36.9	65	40	1	1	65	339	402	1.5e-04	41.2
NODE_32650_length_513_cov_1.259825_1	CYP5A1	36.9	65	40	1	1	65	339	402	1.5e-04	41.2
NODE_32650_length_513_cov_1.259825_1	CYP52A46	33.8	71	39	2	1	65	324	392	3.3e-04	40.0
NODE_32650_length_513_cov_1.259825_1	CYP52A46	33.8	71	39	2	1	65	324	392	3.3e-04	40.0
NODE_32650_length_513_cov_1.259825_1	CYP52A3	30.9	81	52	1	1	77	319	399	4.4e-04	39.7
NODE_32650_length_513_cov_1.259825_1	CYP52A3	30.9	81	52	1	1	77	319	399	4.4e-04	39.7
NODE_32650_length_513_cov_1.259825_1	CYP52A3	30.9	81	52	1	1	77	319	399	4.4e-04	39.7
NODE_32650_length_513_cov_1.259825_1	CYP52A3	30.9	81	52	1	1	77	319	399	4.4e-04	39.7
NODE_32650_length_513_cov_1.259825_1	CYP52A52	31.3	83	49	2	1	77	323	403	7.5e-04	38.9
NODE_32650_length_513_cov_1.259825_1	CYP52A52	31.3	83	49	2	1	77	323	403	7.5e-04	38.9
NODE_38034_length_480_cov_0.960000_1	CYP3C1	29.8	94	60	2	4	96	7	95	1.6e-06	48.1
NODE_38034_length_480_cov_0.960000_1	CYP3C1	29.8	94	60	2	4	96	7	95	1.6e-06	48.1
NODE_38034_length_480_cov_0.960000_1	CYP3A	29.8	94	60	2	4	96	7	95	1.6e-06	48.1
NODE_38034_length_480_cov_0.960000_1	CYP3C1	29.8	94	60	2	4	96	7	95	1.6e-06	48.1
NODE_38034_length_480_cov_0.960000_1	CYP3C1	29.8	94	60	2	4	96	7	95	1.6e-06	48.1
NODE_38034_length_480_cov_0.960000_1	CYP3A	29.8	94	60	2	4	96	7	95	1.6e-06	48.1
NODE_38034_length_480_cov_0.960000_1	CYP3C.b	32.3	99	59	2	1	96	2	95	4.7e-06	46.6
NODE_38034_length_480_cov_0.960000_1	CYP3C.b	32.3	99	59	2	1	96	2	95	4.7e-06	46.6
NODE_38034_length_480_cov_0.960000_1	CYP3C.c	33.0	94	57	2	4	96	7	95	1.4e-05	45.1
NODE_38034_length_480_cov_0.960000_1	CYP3C.c	33.0	94	57	2	4	96	7	95	1.4e-05	45.1
NODE_38653_length_476_cov_1.090261_1	CYP5A	43.3	60	33	1	2	61	344	402	3.2e-08	53.1
NODE_38653_length_476_cov_1.090261_1	CYP5A	43.3	60	33	1	2	61	344	402	3.2e-08	53.1
NODE_38653_length_476_cov_1.090261_1	CYP3A98	42.6	61	34	1	1	61	300	359	5.5e-08	52.4
NODE_38653_length_476_cov_1.090261_1	CYP3A98	42.6	61	34	1	1	61	300	359	5.5e-08	52.4
NODE_38653_length_476_cov_1.090261_1	CYP5A1	45.0	60	32	1	2	61	336	394	1.2e-07	51.2
NODE_38653_length_476_cov_1.090261_1	CYP5A1	45.0	60	32	1	2	61	336	394	1.2e-07	51.2
NODE_38653_length_476_cov_1.090261_1	CYP5210A1	47.5	61	31	1	1	61	341	400	1.6e-07	50.8
NODE_38653_length_476_cov_1.090261_1	CYP5210A1	47.5	61	31	1	1	61	341	400	1.6e-07	50.8
NODE_38653_length_476_cov_1.090261_1	CYP539D1	44.4	63	33	1	1	61	277	339	6.1e-07	48.9
NODE_38653_length_476_cov_1.090261_1	CYP539D1	44.4	63	33	1	1	61	277	339	6.1e-07	48.9
NODE_38653_length_476_cov_1.090261_1	CYP5210A2	45.9	61	32	1	1	61	338	397	8.0e-07	48.5
NODE_38653_length_476_cov_1.090261_1	CYP5210A2	45.9	61	32	1	1	61	338	397	8.0e-07	48.5
NODE_38653_length_476_cov_1.090261_1	CYP3A99	39.3	61	36	1	1	61	300	359	1.0e-06	48.1
NODE_38653_length_476_cov_1.090261_1	CYP3A99	39.3	61	36	1	1	61	300	359	1.0e-06	48.1
NODE_38653_length_476_cov_1.090261_1	CYP5210A3	45.9	61	32	1	1	61	344	403	1.8e-06	47.4
NODE_38653_length_476_cov_1.090261_1	CYP5210A4	45.9	61	32	1	1	61	344	403	1.8e-06	47.4
NODE_38653_length_476_cov_1.090261_1	CYP5210A3	45.9	61	32	1	1	61	344	403	1.8e-06	47.4
NODE_38653_length_476_cov_1.090261_1	CYP5210A4	45.9	61	32	1	1	61	344	403	1.8e-06	47.4
NODE_38653_length_476_cov_1.090261_1	CYP27A3	44.1	59	32	1	5	63	327	384	3.0e-06	46.6
NODE_38653_length_476_cov_1.090261_1	CYP27A3	44.1	59	32	1	5	63	263	320	3.0e-06	46.6
NODE_38653_length_476_cov_1.090261_1	CYP27A3	44.1	59	32	1	5	63	327	384	3.0e-06	46.6
NODE_38653_length_476_cov_1.090261_1	CYP27A3	44.1	59	32	1	5	63	263	320	3.0e-06	46.6
NODE_38653_length_476_cov_1.090261_1	CYP3A18	39.3	61	36	1	1	61	300	359	3.9e-06	46.2
NODE_38653_length_476_cov_1.090261_1	CYP3A18	39.3	61	36	1	1	61	300	359	3.9e-06	46.2
NODE_38653_length_476_cov_1.090261_1	Cyp3a57	37.7	61	37	1	1	61	300	359	6.7e-06	45.4
NODE_39765_length_468_cov_1.544794_1	CYP2K16.c	31.3	134	67	3	13	146	47	155	1.9e-11	65.1
NODE_39765_length_468_cov_1.544794_1	CYP2K16.c	31.3	134	67	3	13	146	47	155	1.9e-11	65.1
NODE_39765_length_468_cov_1.544794_1	CYP508A1	29.5	129	66	5	8	134	33	138	2.8e-10	61.2
NODE_39765_length_468_cov_1.544794_1	CYP508A1	29.5	129	66	5	8	134	33	138	2.8e-10	61.2
NODE_39765_length_468_cov_1.544794_1	Cyp2s1	31.1	132	73	2	5	136	33	146	8.1e-10	59.7
NODE_39765_length_468_cov_1.544794_1	Cyp2s1	31.1	132	73	2	5	136	33	146	8.1e-10	59.7
NODE_39765_length_468_cov_1.544794_1	CYP508A4	27.9	129	68	6	8	134	34	139	1.7e-07	52.0
NODE_39765_length_468_cov_1.544794_1	CYP508A4	27.9	129	68	6	8	134	34	139	1.7e-07	52.0
NODE_39983_length_467_cov_1.211165_1	CYP27B1	47.9	71	32	1	1	71	434	499	2.3e-15	77.0
NODE_39983_length_467_cov_1.211165_1	CYP27B1	47.9	71	32	1	1	71	407	472	2.3e-15	77.0
NODE_39983_length_467_cov_1.211165_1	CYP27B1	47.9	71	32	1	1	71	434	499	2.3e-15	77.0
NODE_39983_length_467_cov_1.211165_1	CYP27B1	47.9	71	32	1	1	71	407	472	2.3e-15	77.0
NODE_39983_length_467_cov_1.211165_1	Cyp27a1	42.0	69	40	0	3	71	428	496	5.2e-15	75.9
NODE_39983_length_467_cov_1.211165_1	Cyp27a1	42.0	69	40	0	3	71	428	496	5.2e-15	75.9
NODE_39983_length_467_cov_1.211165_1	CYP27B1	43.7	71	35	1	1	71	399	464	1.2e-14	74.7
NODE_39983_length_467_cov_1.211165_1	CYP27B1	43.7	71	35	1	1	71	399	464	1.2e-14	74.7
NODE_39983_length_467_cov_1.211165_1	CYP27A1	40.6	69	41	0	3	71	428	496	3.4e-14	73.2
NODE_39983_length_467_cov_1.211165_1	CYP27A1	40.6	69	41	0	3	71	428	496	3.4e-14	73.2
NODE_39983_length_467_cov_1.211165_1	Cyp27b1	45.1	71	34	1	1	71	415	480	7.5e-14	72.0
NODE_39983_length_467_cov_1.211165_1	CYP27B1	46.5	71	33	1	1	71	400	465	7.5e-14	72.0
NODE_39983_length_467_cov_1.211165_1	Cyp27b1	45.1	71	34	1	1	71	415	480	7.5e-14	72.0
NODE_39983_length_467_cov_1.211165_1	CYP27B1	46.5	71	33	1	1	71	400	465	7.5e-14	72.0
NODE_39983_length_467_cov_1.211165_1	CYP27C1	44.3	70	36	1	2	71	427	493	4.9e-13	69.3
NODE_39983_length_467_cov_1.211165_1	CYP27C1	44.3	70	36	1	2	71	427	493	4.9e-13	69.3
NODE_39983_length_467_cov_1.211165_1	CYP27B1	40.8	71	37	1	1	71	405	470	1.4e-12	67.8
NODE_39983_length_467_cov_1.211165_1	CYP27B1	40.8	71	37	1	1	71	405	470	1.4e-12	67.8
NODE_39983_length_467_cov_1.211165_1	CYP24A1	44.1	68	33	1	1	68	414	476	1.2e-11	64.7
NODE_39983_length_467_cov_1.211165_1	CYP24A1	44.1	68	33	1	1	68	414	476	1.2e-11	64.7
NODE_39983_length_467_cov_1.211165_1	CYP27A.d	40.3	67	36	1	7	73	423	485	2.1e-11	63.9
NODE_39983_length_467_cov_1.211165_1	CYP27A.d	40.3	67	36	1	7	73	423	485	2.1e-11	63.9
NODE_39983_length_467_cov_1.211165_1	CYP27A.c	40.3	67	36	1	7	73	421	483	2.7e-11	63.5
NODE_39983_length_467_cov_1.211165_1	CYP24	44.1	68	33	1	1	68	414	476	2.7e-11	63.5
NODE_39983_length_467_cov_1.211165_1	CYP27A.c	40.3	67	36	1	7	73	421	483	2.7e-11	63.5
NODE_40854_length_462_cov_0.889435_1	CYP2AA6	48.4	62	32	0	5	66	436	497	1.0e-09	58.2
NODE_40854_length_462_cov_0.889435_1	CYP2	48.4	62	32	0	5	66	201	262	1.0e-09	58.2
NODE_40854_length_462_cov_0.889435_1	CYP2AA6	48.4	62	32	0	5	66	436	497	1.0e-09	58.2
NODE_40854_length_462_cov_0.889435_1	CYP2	48.4	62	32	0	5	66	201	262	1.0e-09	58.2
NODE_40854_length_462_cov_0.889435_1	CYP2AA1	42.2	64	37	0	3	66	431	494	5.1e-09	55.8
NODE_40854_length_462_cov_0.889435_1	CYP2AA1	42.2	64	37	0	3	66	431	494	5.1e-09	55.8
NODE_40854_length_462_cov_0.889435_1	CYP2AA1	42.2	64	37	0	3	66	431	494	5.1e-09	55.8
NODE_40854_length_462_cov_0.889435_1	CYP2AA1	42.2	64	37	0	3	66	431	494	5.1e-09	55.8
NODE_40854_length_462_cov_0.889435_1	CYP2AA7	46.9	64	34	0	3	66	432	495	8.8e-09	55.1
NODE_40854_length_462_cov_0.889435_1	CYP2AA7	46.9	64	34	0	3	66	432	495	8.8e-09	55.1
NODE_40854_length_462_cov_0.889435_1	CYP17A2	41.9	62	36	0	5	66	435	496	1.5e-08	54.3
NODE_40854_length_462_cov_0.889435_1	CYP2AA.a	45.2	62	34	0	5	66	108	169	1.5e-08	54.3
NODE_40854_length_462_cov_0.889435_1	CYP17A2	41.9	62	36	0	5	66	435	496	1.5e-08	54.3
NODE_40854_length_462_cov_0.889435_1	CYP2AA.a	45.2	62	34	0	5	66	108	169	1.5e-08	54.3
NODE_40854_length_462_cov_0.889435_1	CYP2AA2	42.2	64	37	0	3	66	432	495	2.5e-08	53.5
NODE_40854_length_462_cov_0.889435_1	CYP2AA2	42.2	64	37	0	3	66	432	495	2.5e-08	53.5
NODE_40854_length_462_cov_0.889435_1	CYP2AA8	42.2	64	37	0	3	66	432	495	7.4e-08	52.0
NODE_40854_length_462_cov_0.889435_1	CYP2AA8	42.2	64	37	0	3	66	432	495	7.4e-08	52.0
NODE_40854_length_462_cov_0.889435_1	NA54442	42.4	59	34	0	8	66	1	59	9.7e-08	51.6
NODE_40854_length_462_cov_0.889435_1	NA54442	42.4	59	34	0	8	66	1	59	9.7e-08	51.6
NODE_40854_length_462_cov_0.889435_1	CYP2AA5	43.8	64	36	0	3	66	432	495	1.7e-07	50.8
NODE_40854_length_462_cov_0.889435_1	CYP2AA5	43.8	64	36	0	3	66	432	495	1.7e-07	50.8
NODE_40854_length_462_cov_0.889435_1	CYP17A2	41.9	62	36	0	5	66	367	428	8.2e-07	48.5
NODE_40854_length_462_cov_0.889435_1	CYP17A2	41.9	62	36	0	5	66	367	428	8.2e-07	48.5
NODE_46825_length_421_cov_1.040984_1	CYP76C2	42.5	40	23	0	10	49	360	399	6.5e-06	45.1
NODE_46825_length_421_cov_1.040984_1	CYP76C4	42.5	40	23	0	10	49	359	398	6.5e-06	45.1
NODE_46825_length_421_cov_1.040984_1	CYP76C2	42.5	40	23	0	10	49	360	399	6.5e-06	45.1
NODE_46825_length_421_cov_1.040984_1	CYP76C4	42.5	40	23	0	10	49	359	398	6.5e-06	45.1
NODE_46825_length_421_cov_1.040984_1	CYP76C6	46.3	41	22	0	9	49	359	399	1.5e-05	43.9
NODE_46825_length_421_cov_1.040984_1	CYP81F1	47.5	40	21	0	10	49	348	387	1.5e-05	43.9
NODE_46825_length_421_cov_1.040984_1	CYP76C6	46.3	41	22	0	9	49	359	399	1.5e-05	43.9
NODE_46825_length_421_cov_1.040984_1	CYP81F1	47.5	40	21	0	10	49	348	387	1.5e-05	43.9
NODE_46825_length_421_cov_1.040984_1	CYP81D11	40.0	40	24	0	9	48	348	387	1.6e-04	40.4
NODE_46825_length_421_cov_1.040984_1	CYP98A3	42.9	42	24	0	7	48	344	385	1.6e-04	40.4
NODE_46825_length_421_cov_1.040984_1	CYP81D11	40.0	40	24	0	9	48	348	387	1.6e-04	40.4
NODE_46825_length_421_cov_1.040984_1	CYP98A3	42.9	42	24	0	7	48	344	385	1.6e-04	40.4
NODE_46825_length_421_cov_1.040984_1	CYP76C1	39.0	41	25	0	9	49	358	398	4.7e-04	38.9
NODE_46825_length_421_cov_1.040984_1	CYP76C1	39.0	41	25	0	9	49	358	398	4.7e-04	38.9
NODE_49016_length_406_cov_1.042735_1	CYP51B1	28.3	113	80	1	11	123	226	337	1.1e-05	45.8
NODE_49016_length_406_cov_1.042735_1	CYP51B1	28.3	113	80	1	11	123	226	337	1.1e-05	45.8
NODE_49016_length_406_cov_1.042735_1	CYP630C1	25.4	126	76	4	11	134	286	395	1.5e-04	42.0
NODE_49016_length_406_cov_1.042735_1	CYP630C1	25.4	126	76	4	11	134	286	395	1.5e-04	42.0
NODE_57168_length_359_cov_0.746711_1	CYP3A1	39.8	113	61	1	1	113	326	431	4.0e-17	83.6
NODE_57168_length_359_cov_0.746711_1	CYP3A23	39.8	113	61	1	1	113	324	429	4.0e-17	83.6
NODE_57168_length_359_cov_0.746711_1	CYP3A1	39.8	113	61	1	1	113	326	431	4.0e-17	83.6
NODE_57168_length_359_cov_0.746711_1	CYP3A23	39.8	113	61	1	1	113	324	429	4.0e-17	83.6
NODE_57168_length_359_cov_0.746711_1	Cyp3a44	39.8	113	61	1	1	113	326	431	5.3e-17	83.2
NODE_57168_length_359_cov_0.746711_1	Cyp3a44	39.8	113	61	1	1	113	326	431	5.3e-17	83.2
NODE_57168_length_359_cov_0.746711_1	Cyp3a57	37.2	113	64	1	1	113	325	430	6.9e-17	82.8
NODE_57168_length_359_cov_0.746711_1	Cyp3a57	37.2	113	64	1	1	113	325	430	6.9e-17	82.8
NODE_57168_length_359_cov_0.746711_1	CYP3A43	37.2	113	64	1	1	113	326	431	9.0e-17	82.4
NODE_57168_length_359_cov_0.746711_1	CYP3A43	37.2	113	64	1	1	113	326	431	9.0e-17	82.4
NODE_57168_length_359_cov_0.746711_1	Cyp3a11	38.9	113	62	1	1	113	326	431	2.0e-16	81.3
NODE_57168_length_359_cov_0.746711_1	Cyp3a11	38.9	113	62	1	1	113	326	431	2.0e-16	81.3
NODE_57168_length_359_cov_0.746711_1	CYP3A2	41.1	107	56	1	1	107	326	425	7.6e-16	79.3
NODE_57168_length_359_cov_0.746711_1	CYP3A2	41.1	107	56	1	1	107	326	425	7.6e-16	79.3
NODE_57168_length_359_cov_0.746711_1	CYP3A4	38.1	113	63	1	1	113	324	429	9.9e-16	79.0
NODE_57168_length_359_cov_0.746711_1	CYP3A4	38.1	113	63	1	1	113	324	429	9.9e-16	79.0
NODE_57168_length_359_cov_0.746711_1	CYP3A18	37.2	113	64	1	1	113	325	430	1.3e-15	78.6
NODE_57168_length_359_cov_0.746711_1	CYP3A18	37.2	113	64	1	1	113	325	430	1.3e-15	78.6
NODE_57168_length_359_cov_0.746711_1	Cyp3a16	36.3	113	65	1	1	113	328	433	2.2e-15	77.8
NODE_57168_length_359_cov_0.746711_1	Cyp3a16	36.3	113	65	1	1	113	328	433	2.2e-15	77.8
NODE_57168_length_359_cov_0.746711_1	CYP3A7	37.2	113	64	1	1	113	325	430	2.9e-15	77.4
NODE_57168_length_359_cov_0.746711_1	CYP3A7	37.2	113	64	1	1	113	325	430	2.9e-15	77.4
NODE_57168_length_359_cov_0.746711_1	CYP3A5_v1	36.4	118	64	2	1	118	325	431	4.9e-15	76.6
NODE_57168_length_359_cov_0.746711_1	Cyp3a25	36.3	113	65	1	1	113	325	430	4.9e-15	76.6
NODE_57168_length_359_cov_0.746711_1	CYP3A5_v1	36.4	118	64	2	1	118	325	431	4.9e-15	76.6
NODE_63296_length_332_cov_1.140794_1	CYP4V2	42.4	59	34	0	9	67	412	470	3.0e-12	66.6
NODE_63296_length_332_cov_1.140794_1	CYP4V2	42.4	59	34	0	9	67	412	470	3.0e-12	66.6
NODE_63296_length_332_cov_1.140794_1	CYP206A1	45.6	57	31	0	9	65	351	407	8.6e-12	65.1
NODE_63296_length_332_cov_1.140794_1	CYP206A1	45.6	57	31	0	9	65	351	407	8.6e-12	65.1
NODE_63296_length_332_cov_1.140794_1	CYP32A1	37.5	64	40	0	4	67	409	472	2.5e-11	63.5
NODE_63296_length_332_cov_1.140794_1	CYP32A1	37.5	64	40	0	4	67	409	472	2.5e-11	63.5
NODE_63296_length_332_cov_1.140794_1	CYP3A43	42.4	59	34	0	7	65	387	445	2.8e-10	60.1
NODE_63296_length_332_cov_1.140794_1	CYP29A3	42.6	61	35	0	7	67	280	340	2.8e-10	60.1
NODE_63296_length_332_cov_1.140794_1	CYP3A43	42.4	59	34	0	7	65	387	445	2.8e-10	60.1
NODE_63296_length_332_cov_1.140794_1	CYP29A3	42.6	61	35	0	7	67	280	340	2.8e-10	60.1
NODE_63296_length_332_cov_1.140794_1	CYP509C12	46.6	58	30	1	9	65	419	476	4.7e-10	59.3
NODE_63296_length_332_cov_1.140794_1	CYP509C12	46.6	58	30	1	9	65	419	476	4.7e-10	59.3
NODE_63296_length_332_cov_1.140794_1	CYP197B1	41.4	58	34	0	9	66	339	396	8.0e-10	58.5
NODE_63296_length_332_cov_1.140794_1	CYP197B1	41.4	58	34	0	9	66	339	396	8.0e-10	58.5
NODE_63296_length_332_cov_1.140794_1	CYP1013A1	43.9	57	32	0	9	65	351	407	1.1e-09	58.2
NODE_63296_length_332_cov_1.140794_1	CYP1013A1	43.9	57	32	0	9	65	351	407	1.1e-09	58.2
NODE_63296_length_332_cov_1.140794_1	CYP174B1	36.2	58	37	0	9	66	364	421	3.1e-09	56.6
NODE_63296_length_332_cov_1.140794_1	CYP174B1	36.2	58	37	0	9	66	364	421	3.1e-09	56.6
NODE_63296_length_332_cov_1.140794_1	CYP42A1	35.6	59	36	1	8	66	396	452	4.0e-09	56.2
NODE_63296_length_332_cov_1.140794_1	CYP42A1	35.6	59	36	1	8	66	396	452	4.0e-09	56.2
NODE_63296_length_332_cov_1.140794_1	CYP132A1	46.6	58	30	1	9	66	356	412	5.2e-09	55.8
NODE_63296_length_332_cov_1.140794_1	CYP132A1	46.6	58	30	1	9	66	356	412	5.2e-09	55.8
NODE_63296_length_332_cov_1.140794_1	CYP4V7	34.5	58	38	0	9	66	401	458	8.9e-09	55.1
NODE_63296_length_332_cov_1.140794_1	CYP4V7	34.5	58	38	0	9	66	401	458	8.9e-09	55.1
NODE_63296_length_332_cov_1.140794_1	CYP1003A1	36.8	57	36	0	9	65	352	408	1.5e-08	54.3
NODE_69007_length_313_cov_1.116279_1	Cyp3a57	43.2	37	21	0	1	37	393	429	4.4e-05	42.0
NODE_69007_length_313_cov_1.116279_1	Cyp3a57	43.2	37	21	0	1	37	393	429	4.4e-05	42.0
NODE_69007_length_313_cov_1.116279_1	CYP71B28	47.1	34	18	0	2	35	391	424	8.3e-04	37.7
NODE_69007_length_313_cov_1.116279_1	Cyp3a25	37.8	37	23	0	1	37	393	429	8.3e-04	37.7
NODE_69007_length_313_cov_1.116279_1	CYP71B28	47.1	34	18	0	2	35	391	424	8.3e-04	37.7
NODE_69007_length_313_cov_1.116279_1	Cyp3a25	37.8	37	23	0	1	37	393	429	8.3e-04	37.7
NODE_71135_length_307_cov_1.047619_1	CYP37A1	45.9	74	38	1	4	77	400	471	2.0e-15	77.4
NODE_71135_length_307_cov_1.047619_1	CYP37A1	45.9	74	38	1	4	77	400	471	2.0e-15	77.4
NODE_71135_length_307_cov_1.047619_1	CYP32A1	37.2	78	46	1	3	77	393	470	1.1e-13	71.6
NODE_71135_length_307_cov_1.047619_1	CYP32A1	37.2	78	46	1	3	77	393	470	1.1e-13	71.6
NODE_71135_length_307_cov_1.047619_1	CYP3A99	41.9	74	41	1	4	77	373	444	1.6e-12	67.8
NODE_71135_length_307_cov_1.047619_1	CYP3A99	41.9	74	41	1	4	77	373	444	1.6e-12	67.8
NODE_71135_length_307_cov_1.047619_1	cb25.fpc4126	40.3	77	44	1	1	77	377	451	2.7e-12	67.0
NODE_71135_length_307_cov_1.047619_1	cb25.fpc4126	40.3	77	44	1	1	77	377	451	2.7e-12	67.0
NODE_71135_length_307_cov_1.047619_1	CYPA	41.9	74	41	1	4	77	177	248	1.0e-11	65.1
NODE_71135_length_307_cov_1.047619_1	CYPA	41.9	74	41	1	4	77	177	248	1.0e-11	65.1
NODE_71135_length_307_cov_1.047619_1	Cyp4f15	33.8	77	50	1	1	77	407	482	1.7e-11	64.3
NODE_71135_length_307_cov_1.047619_1	CYP4F4	33.8	77	50	1	1	77	395	470	1.7e-11	64.3
NODE_71135_length_307_cov_1.047619_1	Cyp4f15	33.8	77	50	1	1	77	407	482	1.7e-11	64.3
NODE_71135_length_307_cov_1.047619_1	CYP4F4	33.8	77	50	1	1	77	395	470	1.7e-11	64.3
NODE_77020_length_292_cov_1.341772_1	Cyp2c69	40.7	81	41	3	14	92	31	106	4.0e-07	50.1
NODE_77020_length_292_cov_1.341772_1	Cyp2c69	40.7	81	41	3	14	92	31	106	4.0e-07	50.1
NODE_77020_length_292_cov_1.341772_1	CYP5A1	33.7	83	50	2	2	84	33	110	1.5e-06	48.1
NODE_77020_length_292_cov_1.341772_1	CYP5A1	33.7	83	50	2	2	84	33	110	1.5e-06	48.1
NODE_77020_length_292_cov_1.341772_1	CYP2C9	39.0	77	41	3	14	90	31	101	2.6e-06	47.4
NODE_77020_length_292_cov_1.341772_1	Cyp2c40	35.4	96	50	4	4	92	16	106	2.6e-06	47.4
NODE_77020_length_292_cov_1.341772_1	Cyp2c55	35.0	80	47	2	14	92	31	106	2.6e-06	47.4
NODE_77020_length_292_cov_1.341772_1	CYP2C9	39.0	77	41	3	14	90	31	101	2.6e-06	47.4
NODE_77020_length_292_cov_1.341772_1	Cyp2c40	35.4	96	50	4	4	92	16	106	2.6e-06	47.4
NODE_77020_length_292_cov_1.341772_1	Cyp2c55	35.0	80	47	2	14	92	31	106	2.6e-06	47.4
NODE_77020_length_292_cov_1.341772_1	Cyp2c67	34.4	96	51	4	4	92	16	106	7.5e-06	45.8
NODE_77020_length_292_cov_1.341772_1	Cyp2c67	34.4	96	51	4	4	92	16	106	7.5e-06	45.8
NODE_77020_length_292_cov_1.341772_1	CYP2C18	35.0	80	45	3	15	92	32	106	1.1e-04	42.0
NODE_77020_length_292_cov_1.341772_1	CYP2C18	35.0	80	45	3	15	92	32	106	1.1e-04	42.0
NODE_84058_length_278_cov_1.224215_1	CYP102A6	55.3	47	21	0	5	51	908	954	2.1e-10	60.1
NODE_84058_length_278_cov_1.224215_1	CYP102A6	55.3	47	21	0	5	51	908	954	2.1e-10	60.1
NODE_84058_length_278_cov_1.224215_1	CYP102A4	60.0	45	16	1	9	51	896	940	2.8e-10	59.7
NODE_84058_length_278_cov_1.224215_1	CYP102A8	60.0	45	16	1	9	51	896	940	2.8e-10	59.7
NODE_84058_length_278_cov_1.224215_1	CYP102A4	60.0	45	16	1	9	51	896	940	2.8e-10	59.7
NODE_84058_length_278_cov_1.224215_1	CYP102A8	60.0	45	16	1	9	51	896	940	2.8e-10	59.7
NODE_84058_length_278_cov_1.224215_1	CYP102A9	57.8	45	17	1	9	51	896	940	3.6e-10	59.3
NODE_84058_length_278_cov_1.224215_1	CYP102A9	57.8	45	17	1	9	51	896	940	3.6e-10	59.3
NODE_84058_length_278_cov_1.224215_1	CYP102A7	56.2	48	19	1	6	51	888	935	4.7e-10	58.9
NODE_84058_length_278_cov_1.224215_1	CYP102A7	56.2	48	19	1	6	51	888	935	4.7e-10	58.9
NODE_84058_length_278_cov_1.224215_1	CYP102A5	60.0	45	16	1	9	51	896	940	6.2e-10	58.5
NODE_84058_length_278_cov_1.224215_1	CYP102A15	54.2	48	20	1	6	51	878	925	6.2e-10	58.5
NODE_84058_length_278_cov_1.224215_1	CYP102A5	60.0	45	16	1	9	51	896	940	6.2e-10	58.5
NODE_84058_length_278_cov_1.224215_1	CYP102A15	54.2	48	20	1	6	51	878	925	6.2e-10	58.5
NODE_87289_length_272_cov_1.465438_1	CYP706A3	35.3	85	54	1	1	85	350	433	2.2e-07	50.8
NODE_87289_length_272_cov_1.465438_1	CYP706A3	35.3	85	54	1	1	85	350	433	2.2e-07	50.8
NODE_87289_length_272_cov_1.465438_1	CYP5078A6P	27.1	85	62	0	4	88	177	261	9.2e-06	45.4
NODE_87289_length_272_cov_1.465438_1	CYP5078A6P	27.1	85	62	0	4	88	177	261	9.2e-06	45.4
NODE_92925_length_263_cov_1.259615_1	cb25.fpc4126	27.4	73	53	0	14	86	117	189	9.8e-05	42.0
NODE_92925_length_263_cov_1.259615_1	cb25.fpc4126	27.4	73	53	0	14	86	117	189	9.8e-05	42.0
NODE_97336_length_257_cov_1.188119_1	CYP27A3	38.4	73	43	1	13	85	296	366	3.3e-05	43.5
NODE_97336_length_257_cov_1.188119_1	CYP27A3	38.4	73	43	1	13	85	232	302	3.3e-05	43.5
NODE_97336_length_257_cov_1.188119_1	CYP27A3	38.4	73	43	1	13	85	296	366	3.3e-05	43.5
NODE_97336_length_257_cov_1.188119_1	CYP27A3	38.4	73	43	1	13	85	232	302	3.3e-05	43.5
NODE_102929_length_250_cov_1.174359_1	CYP5A1	42.6	61	34	1	2	62	335	394	2.4e-07	50.4
NODE_102929_length_250_cov_1.174359_1	CYP5A1	42.6	61	34	1	2	62	335	394	2.4e-07	50.4
NODE_102929_length_250_cov_1.174359_1	CYP3B1	39.3	61	36	1	2	62	265	324	3.5e-06	46.6
NODE_102929_length_250_cov_1.174359_1	CYP3B1	39.3	61	36	1	2	62	259	318	3.5e-06	46.6
NODE_102929_length_250_cov_1.174359_1	CYP3B1	39.3	61	36	1	2	62	265	324	3.5e-06	46.6
NODE_102929_length_250_cov_1.174359_1	CYP3B1	39.3	61	36	1	2	62	259	318	3.5e-06	46.6
NODE_102929_length_250_cov_1.174359_1	CYP547C2	41.0	61	36	0	4	64	346	406	3.9e-05	43.1
NODE_102929_length_250_cov_1.174359_1	CYP547C2	41.0	61	36	0	4	64	343	403	3.9e-05	43.1
NODE_102929_length_250_cov_1.174359_1	CYP547C2	41.0	61	36	0	4	64	346	406	3.9e-05	43.1
NODE_102929_length_250_cov_1.174359_1	CYP547C2	41.0	61	36	0	4	64	343	403	3.9e-05	43.1
NODE_102929_length_250_cov_1.174359_1	CYP505A1	35.9	64	39	1	1	64	264	325	4.3e-04	39.7
NODE_102929_length_250_cov_1.174359_1	CYP505A1	35.9	64	39	1	1	64	264	325	4.3e-04	39.7
NODE_102929_length_250_cov_1.174359_1	CYP547C3	39.3	61	37	0	4	64	338	398	7.3e-04	38.9
NODE_102929_length_250_cov_1.174359_1	CYP547C3	39.3	61	37	0	4	64	338	398	7.3e-04	38.9
NODE_102929_length_250_cov_1.174359_1	CYP547C3	39.3	61	37	0	4	64	338	398	7.3e-04	38.9
NODE_102929_length_250_cov_1.174359_1	CYP547C3	39.3	61	37	0	4	64	338	398	7.3e-04	38.9
NODE_107504_length_245_cov_1.131579_1	CYP1A1	37.3	67	39	2	14	80	38	101	2.6e-07	50.4
NODE_107504_length_245_cov_1.131579_1	CYP1A2	37.3	67	39	2	14	80	35	98	2.6e-07	50.4
NODE_107504_length_245_cov_1.131579_1	CYP1A1	35.8	67	40	2	14	80	37	100	2.6e-07	50.4
NODE_107504_length_245_cov_1.131579_1	CYP1A1	37.3	67	39	2	14	80	38	101	2.6e-07	50.4
NODE_107504_length_245_cov_1.131579_1	CYP1A2	37.3	67	39	2	14	80	35	98	2.6e-07	50.4
NODE_107504_length_245_cov_1.131579_1	CYP1A1	35.8	67	40	2	14	80	37	100	2.6e-07	50.4
NODE_107504_length_245_cov_1.131579_1	Cyp2w1	36.9	65	39	2	17	81	35	97	1.1e-05	45.1
NODE_107504_length_245_cov_1.131579_1	CYP1A2	35.8	67	40	2	14	80	38	101	1.1e-05	45.1
NODE_107504_length_245_cov_1.131579_1	Cyp2w1	36.9	65	39	2	17	81	35	97	1.1e-05	45.1
NODE_107504_length_245_cov_1.131579_1	CYP1A2	35.8	67	40	2	14	80	38	101	1.1e-05	45.1
NODE_107504_length_245_cov_1.131579_1	CYP1A1	35.8	67	40	2	14	80	41	104	1.4e-05	44.7
NODE_107504_length_245_cov_1.131579_1	CYP1A1	35.8	67	40	2	14	80	41	104	1.4e-05	44.7
NODE_107504_length_245_cov_1.131579_1	Cyp1a2	34.3	67	41	2	14	80	38	101	4.1e-05	43.1
NODE_107504_length_245_cov_1.131579_1	Cyp1a2	34.3	67	41	2	14	80	38	101	4.1e-05	43.1
NODE_107504_length_245_cov_1.131579_1	Cyp1a1	34.3	67	41	2	14	80	41	104	5.4e-05	42.7
NODE_107504_length_245_cov_1.131579_1	Cyp1a1	34.3	67	41	2	14	80	41	104	5.4e-05	42.7
NODE_107504_length_245_cov_1.131579_1	CYP2W1	33.3	72	46	2	9	80	24	93	1.2e-04	41.6
NODE_107504_length_245_cov_1.131579_1	CYP2W1	33.3	72	46	2	9	80	24	93	1.2e-04	41.6
NODE_116160_length_237_cov_0.939560_1	CYP4V6	46.5	43	23	0	3	45	359	401	6.4e-04	38.5
NODE_116160_length_237_cov_0.939560_1	CYP4V6	46.5	43	23	0	3	45	359	401	6.4e-04	38.5
NODE_122252_length_232_cov_0.689266_1	CYP32A1	47.5	40	21	0	5	44	285	324	1.3e-05	43.9
NODE_122252_length_232_cov_0.689266_1	CYP32A1	47.5	40	21	0	5	44	285	324	1.3e-05	43.9
NODE_122252_length_232_cov_0.689266_1	CYP4A8	48.7	39	19	1	7	44	281	319	7.3e-04	38.1
NODE_122252_length_232_cov_0.689266_1	CYP4A8	48.7	39	19	1	7	44	281	319	7.3e-04	38.1
NODE_134854_length_222_cov_1.089820_1	CYP5A1	29.2	72	46	2	2	73	39	105	1.3e-05	44.7
NODE_134854_length_222_cov_1.089820_1	CYP5A1	29.2	72	46	2	2	73	39	105	1.3e-05	44.7
NODE_135278_length_222_cov_0.826347_1	CYP5076C2	40.3	62	34	1	15	73	338	399	4.4e-06	46.2
NODE_135278_length_222_cov_0.826347_1	CYP5076C2	40.3	62	34	1	15	73	338	399	4.4e-06	46.2
NODE_135278_length_222_cov_0.826347_1	CYP5076C2	37.1	62	39	0	12	73	339	400	7.5e-06	45.4
NODE_135278_length_222_cov_0.826347_1	CYP5076C2	37.1	62	39	0	12	73	339	400	7.5e-06	45.4
NODE_152274_length_211_cov_0.980769_1	CYP27A.b	30.5	59	40	1	2	60	217	274	3.4e-04	39.7
NODE_152274_length_211_cov_0.980769_1	CYP27A.b	30.5	59	40	1	2	60	217	274	3.4e-04	39.7
NODE_153920_length_210_cov_1.019355_1	CYP3A43	37.7	69	36	1	1	69	374	435	1.4e-09	57.8
NODE_153920_length_210_cov_1.019355_1	CYP3A43	37.7	69	36	1	1	69	374	435	1.4e-09	57.8
NODE_153920_length_210_cov_1.019355_1	CYP3A7	37.7	69	36	1	1	69	373	434	2.6e-08	53.5
NODE_153920_length_210_cov_1.019355_1	CYP3A7	37.7	69	36	1	1	69	373	434	2.6e-08	53.5
NODE_153920_length_210_cov_1.019355_1	CYP3A4	37.7	69	36	1	1	69	372	433	9.8e-08	51.6
NODE_153920_length_210_cov_1.019355_1	CYP3A4	37.7	69	36	1	1	69	372	433	9.8e-08	51.6
NODE_153920_length_210_cov_1.019355_1	CYP706A1	39.7	68	30	1	7	63	379	446	1.7e-07	50.8
NODE_153920_length_210_cov_1.019355_1	CYP706A2	39.7	68	30	1	7	63	381	448	1.7e-07	50.8
NODE_153920_length_210_cov_1.019355_1	CYP706A1	39.7	68	30	1	7	63	379	446	1.7e-07	50.8
NODE_153920_length_210_cov_1.019355_1	CYP706A2	39.7	68	30	1	7	63	381	448	1.7e-07	50.8
