NODE_253_length_3322_cov_83.351087_1	CYP102A15	33.6	608	364	16	87	690	476	1047	6.2e-86	314.7
NODE_253_length_3322_cov_83.351087_1	CYP102A15	33.6	608	364	16	87	690	476	1047	6.2e-86	314.7
NODE_253_length_3322_cov_83.351087_1	CYP102A8	31.7	652	379	18	62	690	455	1063	1.4e-85	313.5
NODE_253_length_3322_cov_83.351087_1	CYP102A8	31.7	652	379	18	62	690	455	1063	1.4e-85	313.5
NODE_253_length_3322_cov_83.351087_1	CYP102A4	31.7	649	383	18	62	690	455	1063	4.0e-85	312.0
NODE_253_length_3322_cov_83.351087_1	CYP102A5	31.7	652	379	18	62	690	455	1063	4.0e-85	312.0
NODE_253_length_3322_cov_83.351087_1	CYP102A4	31.7	649	383	18	62	690	455	1063	4.0e-85	312.0
NODE_253_length_3322_cov_83.351087_1	CYP102A5	31.7	652	379	18	62	690	455	1063	4.0e-85	312.0
NODE_253_length_3322_cov_83.351087_1	CYP102A11	33.8	610	356	17	95	689	493	1069	4.5e-84	308.5
NODE_253_length_3322_cov_83.351087_1	CYP102A11	33.8	610	356	17	95	689	493	1069	4.5e-84	308.5
NODE_253_length_3322_cov_83.351087_1	CYP102A7	33.9	622	363	16	75	689	477	1057	5.8e-84	308.1
NODE_253_length_3322_cov_83.351087_1	CYP102A7	33.9	622	363	16	75	689	477	1057	5.8e-84	308.1
NODE_253_length_3322_cov_83.351087_1	CYP102A9	32.2	609	361	17	94	690	495	1063	7.6e-84	307.8
NODE_253_length_3322_cov_83.351087_1	CYP102A9	32.2	609	361	17	94	690	495	1063	7.6e-84	307.8
NODE_253_length_3322_cov_83.351087_1	CYP102A10	32.5	631	380	17	72	689	471	1068	1.2e-81	300.4
NODE_253_length_3322_cov_83.351087_1	CYP102A10	32.5	631	380	17	72	689	471	1068	1.2e-81	300.4
NODE_253_length_3322_cov_83.351087_1	CYP102A6	31.5	604	380	13	95	690	499	1076	8.4e-75	277.7
NODE_253_length_3322_cov_83.351087_1	CYP102A6	31.5	604	380	13	95	690	499	1076	8.4e-75	277.7
NODE_253_length_3322_cov_83.351087_1	CYP102A12	32.0	604	374	14	95	690	499	1073	2.5e-74	276.2
NODE_253_length_3322_cov_83.351087_1	CYP102A12	32.0	604	374	14	95	690	499	1073	2.5e-74	276.2
NODE_253_length_3322_cov_83.351087_1	CYP5205A2	31.7	641	373	22	95	689	592	1213	6.1e-73	271.6
NODE_253_length_3322_cov_83.351087_1	CYP5205A2	31.7	641	373	22	95	689	592	1213	6.1e-73	271.6
NODE_253_length_3322_cov_83.351087_1	CYP102A12	33.0	603	369	15	95	690	496	1070	1.0e-72	270.8
NODE_253_length_3322_cov_83.351087_1	CYP102A12	33.0	603	369	15	95	690	496	1070	1.0e-72	270.8
NODE_253_length_3322_cov_83.351087_1	CYP102A13	30.7	609	379	14	95	690	499	1077	1.3e-72	270.4
NODE_263_length_3293_cov_23.294935_1	CYP3A18	32.9	502	298	15	1	487	3	480	1.3e-67	253.4
NODE_263_length_3293_cov_23.294935_1	CYP3A18	32.9	502	298	15	1	487	3	480	1.3e-67	253.4
NODE_263_length_3293_cov_23.294935_1	Cyp3a11	32.3	517	312	15	2	506	9	499	5.0e-67	251.5
NODE_263_length_3293_cov_23.294935_1	Cyp3a11	32.3	517	312	15	2	506	9	499	5.0e-67	251.5
NODE_263_length_3293_cov_23.294935_1	Cyp3a25	32.1	504	299	16	1	487	3	480	2.5e-66	249.2
NODE_263_length_3293_cov_23.294935_1	Cyp3a25	32.1	504	299	16	1	487	3	480	2.5e-66	249.2
NODE_263_length_3293_cov_23.294935_1	Cyp3a57	31.9	504	300	13	1	487	3	480	3.2e-66	248.8
NODE_263_length_3293_cov_23.294935_1	Cyp3a57	31.9	504	300	13	1	487	3	480	3.2e-66	248.8
NODE_263_length_3293_cov_23.294935_1	CYP3A9	30.8	496	318	11	1	488	3	481	5.5e-66	248.1
NODE_263_length_3293_cov_23.294935_1	CYP3A9	30.8	496	318	11	1	488	3	481	5.5e-66	248.1
NODE_263_length_3293_cov_23.294935_1	Cyp3a13	30.5	509	327	12	2	504	9	496	1.6e-65	246.5
NODE_263_length_3293_cov_23.294935_1	Cyp3a13	30.5	509	327	12	2	504	9	496	1.6e-65	246.5
NODE_263_length_3293_cov_23.294935_1	CYP3A2	31.9	517	314	15	2	506	9	499	2.3e-64	242.7
NODE_263_length_3293_cov_23.294935_1	CYP3A2	31.9	517	314	15	2	506	9	499	2.3e-64	242.7
NODE_263_length_3293_cov_23.294935_1	CYP3A48	28.7	513	333	13	2	505	9	497	5.2e-64	241.5
NODE_263_length_3293_cov_23.294935_1	Cyp3a41	32.8	516	308	16	2	504	9	498	5.2e-64	241.5
NODE_263_length_3293_cov_23.294935_1	CYP3A48	28.7	513	333	13	2	505	9	497	5.2e-64	241.5
NODE_263_length_3293_cov_23.294935_1	Cyp3a41	32.8	516	308	16	2	504	9	498	5.2e-64	241.5
NODE_263_length_3293_cov_23.294935_1	Cyp3a59	30.3	505	312	13	1	487	3	485	7.5e-63	237.7
NODE_263_length_3293_cov_23.294935_1	Cyp3a59	30.3	505	312	13	1	487	3	485	7.5e-63	237.7
NODE_263_length_3293_cov_23.294935_1	Cyp3a16	31.1	489	304	13	29	506	35	501	9.7e-63	237.3
NODE_263_length_3293_cov_23.294935_1	Cyp3a16	31.1	489	304	13	29	506	35	501	9.7e-63	237.3
NODE_263_length_3293_cov_23.294935_1	Cyp3a44	30.8	510	321	13	8	506	11	499	2.2e-62	236.1
NODE_263_length_3293_cov_23.294935_1	Cyp3a44	30.8	510	321	13	8	506	11	499	2.2e-62	236.1
NODE_263_length_3293_cov_23.294935_1	CYP3A23	32.3	502	295	13	2	488	9	480	8.2e-62	234.2
NODE_317_length_3112_cov_62.992149_2	Cyp3a13	32.3	501	314	10	2	493	9	493	4.0e-66	248.4
NODE_317_length_3112_cov_62.992149_2	Cyp3a13	32.3	501	314	10	2	493	9	493	4.0e-66	248.4
NODE_317_length_3112_cov_62.992149_2	Cyp3a44	31.7	499	321	10	2	493	9	494	8.3e-64	240.7
NODE_317_length_3112_cov_62.992149_2	Cyp3a44	31.7	499	321	10	2	493	9	494	8.3e-64	240.7
NODE_317_length_3112_cov_62.992149_2	CYP3A18	31.3	504	315	11	2	493	9	493	1.1e-63	240.4
NODE_317_length_3112_cov_62.992149_2	CYP3A18	31.3	504	315	11	2	493	9	493	1.1e-63	240.4
NODE_317_length_3112_cov_62.992149_2	CYP3A99	31.2	477	305	9	3	470	10	472	1.4e-63	240.0
NODE_317_length_3112_cov_62.992149_2	CYP3A99	31.2	477	305	9	3	470	10	472	1.4e-63	240.0
NODE_317_length_3112_cov_62.992149_2	CYP3A9	32.1	501	315	10	2	493	9	493	3.1e-63	238.8
NODE_317_length_3112_cov_62.992149_2	CYP3A9	32.1	501	315	10	2	493	9	493	3.1e-63	238.8
NODE_317_length_3112_cov_62.992149_2	CYP3A98	31.3	505	314	11	2	488	9	498	5.4e-63	238.0
NODE_317_length_3112_cov_62.992149_2	Cyp3a25	31.3	504	315	11	2	493	9	493	5.4e-63	238.0
NODE_317_length_3112_cov_62.992149_2	CYP3A98	31.3	505	314	11	2	488	9	498	5.4e-63	238.0
NODE_317_length_3112_cov_62.992149_2	Cyp3a25	31.3	504	315	11	2	493	9	493	5.4e-63	238.0
NODE_317_length_3112_cov_62.992149_2	Cyp3a11	31.1	499	324	10	2	493	9	494	2.0e-62	236.1
NODE_317_length_3112_cov_62.992149_2	Cyp3a11	31.1	499	324	10	2	493	9	494	2.0e-62	236.1
NODE_317_length_3112_cov_62.992149_2	Cyp3a41	31.4	500	322	11	2	493	9	495	2.2e-61	232.6
NODE_317_length_3112_cov_62.992149_2	Cyp3a41	31.4	500	322	11	2	493	9	495	2.2e-61	232.6
NODE_317_length_3112_cov_62.992149_2	CYP3A5_v1	31.8	497	321	10	2	493	9	492	5.0e-61	231.5
NODE_317_length_3112_cov_62.992149_2	CYP3A5_v1	31.8	497	321	10	2	493	9	492	5.0e-61	231.5
NODE_317_length_3112_cov_62.992149_2	CYP3A4	31.8	475	306	10	2	470	9	471	1.2e-59	226.9
NODE_317_length_3112_cov_62.992149_2	CYP3A4	31.8	475	306	10	2	470	9	471	1.2e-59	226.9
NODE_317_length_3112_cov_62.992149_2	Cyp3a57	30.1	489	319	9	2	481	9	483	3.6e-59	225.3
NODE_317_length_3112_cov_62.992149_2	Cyp3a57	30.1	489	319	9	2	481	9	483	3.6e-59	225.3
NODE_317_length_3112_cov_62.992149_2	CYP3A48	29.9	481	306	12	2	469	9	471	1.4e-58	223.4
NODE_433_length_2891_cov_70.671368_1	CYP2Z2	34.5	470	284	9	26	488	40	492	5.6e-76	281.2
NODE_433_length_2891_cov_70.671368_1	CYP2Z2	34.5	470	284	9	26	488	40	492	5.6e-76	281.2
NODE_433_length_2891_cov_70.671368_1	CYP2B1	32.7	498	316	9	6	495	5	491	5.2e-74	274.6
NODE_433_length_2891_cov_70.671368_1	CYP2B1	32.7	498	316	9	6	495	5	491	5.2e-74	274.6
NODE_433_length_2891_cov_70.671368_1	Cyp2b19	31.7	499	321	10	6	495	5	492	4.9e-72	268.1
NODE_433_length_2891_cov_70.671368_1	Cyp2b19	31.7	499	321	10	6	495	5	492	4.9e-72	268.1
NODE_433_length_2891_cov_70.671368_1	Cyp2b10/Cyp2b20	31.7	473	310	7	26	495	29	491	1.6e-70	263.1
NODE_433_length_2891_cov_70.671368_1	Cyp2b10/Cyp2b20	31.7	473	310	7	26	495	29	491	1.6e-70	263.1
NODE_433_length_2891_cov_70.671368_1	CYP2N11	32.3	501	316	10	1	496	16	498	4.6e-70	261.5
NODE_433_length_2891_cov_70.671368_1	CYP2N11	32.3	501	316	10	1	496	16	498	4.6e-70	261.5
NODE_433_length_2891_cov_70.671368_1	CYP2G2	31.6	506	310	11	6	495	9	494	2.3e-69	259.2
NODE_433_length_2891_cov_70.671368_1	Cyp2j13	32.0	494	321	9	7	495	20	503	2.3e-69	259.2
NODE_433_length_2891_cov_70.671368_1	CYP2G2	31.6	506	310	11	6	495	9	494	2.3e-69	259.2
NODE_433_length_2891_cov_70.671368_1	Cyp2j13	32.0	494	321	9	7	495	20	503	2.3e-69	259.2
NODE_433_length_2891_cov_70.671368_1	CYP2AD2	32.4	475	302	8	24	495	34	492	1.9e-68	256.1
NODE_433_length_2891_cov_70.671368_1	CYP2AD2	32.4	475	302	8	24	495	34	492	1.9e-68	256.1
NODE_433_length_2891_cov_70.671368_1	CYP2B11	32.9	459	279	10	26	469	29	473	5.6e-68	254.6
NODE_433_length_2891_cov_70.671368_1	CYP2N2	32.2	485	303	9	19	495	29	495	5.6e-68	254.6
NODE_433_length_2891_cov_70.671368_1	CYP2B11	32.9	459	279	10	26	469	29	473	5.6e-68	254.6
NODE_433_length_2891_cov_70.671368_1	CYP2N2	32.2	485	303	9	19	495	29	495	5.6e-68	254.6
NODE_433_length_2891_cov_70.671368_1	CYP2AA7	33.2	473	296	9	27	495	39	495	4.7e-67	251.5
NODE_433_length_2891_cov_70.671368_1	CYP2AA7	33.2	473	296	9	27	495	39	495	4.7e-67	251.5
NODE_433_length_2891_cov_70.671368_1	CYP2U1	30.4	520	328	11	6	495	18	533	8.1e-67	250.8
NODE_433_length_2891_cov_70.671368_1	CYP2U1	30.4	520	328	11	6	495	18	533	8.1e-67	250.8
NODE_433_length_2891_cov_70.671368_1	CYP2AA6	31.8	484	312	8	8	488	22	490	3.1e-66	248.8
NODE_510_length_2760_cov_106.021072_2	CYP44A1	28.9	377	235	10	1	368	134	486	4.7e-35	144.8
NODE_510_length_2760_cov_106.021072_2	CYP44A1	28.9	377	235	10	1	368	134	486	4.7e-35	144.8
NODE_510_length_2760_cov_106.021072_2	Cyp27a1	28.5	361	230	7	2	344	153	503	1.2e-33	140.2
NODE_510_length_2760_cov_106.021072_2	CYP24	28.7	383	234	9	2	368	152	511	1.2e-33	140.2
NODE_510_length_2760_cov_106.021072_2	Cyp27a1	28.5	361	230	7	2	344	153	503	1.2e-33	140.2
NODE_510_length_2760_cov_106.021072_2	CYP24	28.7	383	234	9	2	368	152	511	1.2e-33	140.2
NODE_510_length_2760_cov_106.021072_2	CYP24A1	28.5	347	230	5	2	343	152	485	2.6e-33	139.0
NODE_510_length_2760_cov_106.021072_2	CYP24A1	28.5	347	230	5	2	343	152	485	2.6e-33	139.0
NODE_510_length_2760_cov_106.021072_2	CYP27A1	27.5	360	233	7	2	343	153	502	1.3e-32	136.7
NODE_510_length_2760_cov_106.021072_2	CYP27A1	27.5	360	233	7	2	343	153	502	1.3e-32	136.7
NODE_510_length_2760_cov_106.021072_2	CYP27A.d	27.7	357	229	6	2	343	147	489	4.8e-32	134.8
NODE_510_length_2760_cov_106.021072_2	CYP27A.d	27.7	357	229	6	2	343	147	489	4.8e-32	134.8
NODE_510_length_2760_cov_106.021072_2	CYP24A1	29.6	358	212	9	2	343	151	484	6.3e-32	134.4
NODE_510_length_2760_cov_106.021072_2	Cyp24	27.1	373	253	6	2	368	152	511	6.3e-32	134.4
NODE_510_length_2760_cov_106.021072_2	CYP24A1	29.6	358	212	9	2	343	151	484	6.3e-32	134.4
NODE_510_length_2760_cov_106.021072_2	Cyp24	27.1	373	253	6	2	368	152	511	6.3e-32	134.4
NODE_510_length_2760_cov_106.021072_2	CYP27A.c	27.8	353	226	6	2	339	145	483	1.1e-31	133.7
NODE_510_length_2760_cov_106.021072_2	CYP27A.c	27.8	353	226	6	2	339	145	483	1.1e-31	133.7
NODE_510_length_2760_cov_106.021072_2	CYP24	25.8	337	233	4	2	334	152	475	1.2e-30	130.2
NODE_510_length_2760_cov_106.021072_2	CYP24	25.8	337	233	4	2	334	152	475	1.2e-30	130.2
NODE_510_length_2760_cov_106.021072_2	CYP27A.a	28.2	355	222	8	2	339	145	483	4.5e-30	128.3
NODE_510_length_2760_cov_106.021072_2	CYP27A.a	28.2	355	222	8	2	339	145	483	4.5e-30	128.3
NODE_510_length_2760_cov_106.021072_2	CYP27A.b	28.2	354	223	7	2	339	145	483	1.0e-29	127.1
NODE_510_length_2760_cov_106.021072_2	CYP27A.b	28.2	354	223	7	2	339	145	483	1.0e-29	127.1
NODE_510_length_2760_cov_106.021072_2	CYP27A3	28.7	341	216	8	18	343	99	427	3.8e-29	125.2
NODE_539_length_2714_cov_9.302745_1	CYP24A1	27.3	466	324	7	17	478	60	514	4.4e-46	181.8
NODE_539_length_2714_cov_9.302745_1	CYP24A1	27.3	466	324	7	17	478	60	514	4.4e-46	181.8
NODE_539_length_2714_cov_9.302745_1	cb25.fpc0058	23.9	481	310	9	2	476	19	449	1.0e-31	134.0
NODE_539_length_2714_cov_9.302745_1	cb25.fpc0058	23.9	481	310	9	2	476	19	449	1.0e-31	134.0
NODE_539_length_2714_cov_9.302745_1	CYP261A1	24.2	472	306	16	3	451	9	451	2.1e-24	109.8
NODE_539_length_2714_cov_9.302745_1	CYP261A1	24.2	472	306	16	3	451	9	451	2.1e-24	109.8
NODE_539_length_2714_cov_9.302745_1	CYP71B38	21.9	494	339	17	4	473	23	493	3.2e-20	95.9
NODE_539_length_2714_cov_9.302745_1	CYP71B38	21.9	494	339	17	4	473	23	493	3.2e-20	95.9
NODE_539_length_2714_cov_9.302745_1	CYP261B1	21.8	490	319	15	10	469	27	482	4.1e-20	95.5
NODE_539_length_2714_cov_9.302745_1	CYP261B1	21.8	490	319	15	10	469	27	482	4.1e-20	95.5
NODE_539_length_2714_cov_9.302745_1	CYP71B5	21.6	496	336	19	4	473	23	491	1.6e-19	93.6
NODE_539_length_2714_cov_9.302745_1	CYP71B5	21.6	496	336	19	4	473	23	491	1.6e-19	93.6
NODE_539_length_2714_cov_9.302745_1	CYP71A25	23.5	459	302	15	16	456	32	459	2.7e-19	92.8
NODE_539_length_2714_cov_9.302745_1	CYP71A27	23.5	452	301	12	16	449	35	459	2.7e-19	92.8
NODE_539_length_2714_cov_9.302745_1	CYP71A25	23.5	459	302	15	16	456	32	459	2.7e-19	92.8
NODE_539_length_2714_cov_9.302745_1	CYP71A27	23.5	452	301	12	16	449	35	459	2.7e-19	92.8
NODE_539_length_2714_cov_9.302745_1	CYP93D1	22.9	455	321	12	16	459	36	471	3.5e-19	92.4
NODE_539_length_2714_cov_9.302745_1	CYP93D1	22.9	455	321	12	16	459	36	471	3.5e-19	92.4
NODE_539_length_2714_cov_9.302745_1	CYP78A10	22.2	477	324	13	10	459	59	515	2.3e-18	89.7
NODE_539_length_2714_cov_9.302745_1	CYP78A10	22.2	477	324	13	10	459	59	515	2.3e-18	89.7
NODE_539_length_2714_cov_9.302745_1	CYP71A23	21.9	470	321	16	8	459	20	461	6.6e-18	88.2
NODE_539_length_2714_cov_9.302745_1	CYP71A23	21.9	470	321	16	8	459	20	461	6.6e-18	88.2
NODE_539_length_2714_cov_9.302745_1	CYP530A5	22.8	487	316	16	16	475	36	489	7.3e-17	84.7
NODE_539_length_2714_cov_9.302745_1	CYP530A5	22.8	487	316	16	16	475	36	489	7.3e-17	84.7
NODE_539_length_2714_cov_9.302745_1	CYP71A24	21.8	426	304	12	42	456	52	459	8.1e-16	81.3
NODE_559_length_2686_cov_43.801596_1	Cyp3a57	32.3	498	299	9	39	523	7	479	1.2e-63	240.4
NODE_559_length_2686_cov_43.801596_1	Cyp3a57	32.3	498	299	9	39	523	7	479	1.2e-63	240.4
NODE_559_length_2686_cov_43.801596_1	Cyp3a25	32.0	491	310	8	39	523	7	479	1.4e-62	236.9
NODE_559_length_2686_cov_43.801596_1	Cyp3a25	32.0	491	310	8	39	523	7	479	1.4e-62	236.9
NODE_559_length_2686_cov_43.801596_1	CYP3A18	33.3	484	302	9	44	523	13	479	5.2e-62	235.0
NODE_559_length_2686_cov_43.801596_1	CYP3A18	33.3	484	302	9	44	523	13	479	5.2e-62	235.0
NODE_559_length_2686_cov_43.801596_1	CYP3A7	32.3	507	311	11	44	541	13	496	6.7e-62	234.6
NODE_559_length_2686_cov_43.801596_1	CYP3A7	32.3	507	311	11	44	541	13	496	6.7e-62	234.6
NODE_559_length_2686_cov_43.801596_1	Cyp3a11	32.2	485	307	9	44	523	13	480	1.5e-61	233.4
NODE_559_length_2686_cov_43.801596_1	Cyp3a11	32.2	485	307	9	44	523	13	480	1.5e-61	233.4
NODE_559_length_2686_cov_43.801596_1	CYP3A4	32.4	488	302	9	44	524	13	479	3.3e-61	232.3
NODE_559_length_2686_cov_43.801596_1	CYP3A4	32.4	488	302	9	44	524	13	479	3.3e-61	232.3
NODE_559_length_2686_cov_43.801596_1	CYP3A5_v1	32.4	490	295	12	44	522	13	477	9.7e-61	230.7
NODE_559_length_2686_cov_43.801596_1	CYP3A5_v1	32.4	490	295	12	44	522	13	477	9.7e-61	230.7
NODE_559_length_2686_cov_43.801596_1	CYP3A98	31.0	526	311	14	43	552	13	502	8.2e-60	227.6
NODE_559_length_2686_cov_43.801596_1	CYP3A48	30.6	506	320	13	43	541	15	496	8.2e-60	227.6
NODE_559_length_2686_cov_43.801596_1	CYP3A98	31.0	526	311	14	43	552	13	502	8.2e-60	227.6
NODE_559_length_2686_cov_43.801596_1	CYP3A48	30.6	506	320	13	43	541	15	496	8.2e-60	227.6
NODE_559_length_2686_cov_43.801596_1	Cyp3a59	32.0	493	301	10	44	523	13	484	1.1e-59	227.3
NODE_559_length_2686_cov_43.801596_1	Cyp3a59	32.0	493	301	10	44	523	13	484	1.1e-59	227.3
NODE_559_length_2686_cov_43.801596_1	CYP3A43	31.7	495	294	13	44	522	13	479	1.8e-59	226.5
NODE_559_length_2686_cov_43.801596_1	CYP3A9	31.8	493	297	11	44	523	13	479	1.8e-59	226.5
NODE_559_length_2686_cov_43.801596_1	CYP3A43	31.7	495	294	13	44	522	13	479	1.8e-59	226.5
NODE_559_length_2686_cov_43.801596_1	CYP3A9	31.8	493	297	11	44	523	13	479	1.8e-59	226.5
NODE_559_length_2686_cov_43.801596_1	Cyp3a41	32.0	487	306	11	44	523	13	481	3.1e-59	225.7
NODE_634_length_2561_cov_52.104549_1	CYP3A43	30.1	481	308	12	8	476	14	478	2.3e-50	196.1
NODE_634_length_2561_cov_52.104549_1	Cyp3a13	30.2	484	305	14	8	477	14	478	2.3e-50	196.1
NODE_634_length_2561_cov_52.104549_1	CYP3A43	30.1	481	308	12	8	476	14	478	2.3e-50	196.1
NODE_634_length_2561_cov_52.104549_1	Cyp3a13	30.2	484	305	14	8	477	14	478	2.3e-50	196.1
NODE_634_length_2561_cov_52.104549_1	CYP3A4	30.6	480	301	14	12	477	16	477	3.4e-49	192.2
NODE_634_length_2561_cov_52.104549_1	CYP3A4	30.6	480	301	14	12	477	16	477	3.4e-49	192.2
NODE_634_length_2561_cov_52.104549_1	CYP5A1	26.8	533	325	16	6	493	18	530	3.7e-40	162.2
NODE_634_length_2561_cov_52.104549_1	CYP5A1	26.8	533	325	16	6	493	18	530	3.7e-40	162.2
NODE_634_length_2561_cov_52.104549_1	CYP13A.h	26.6	507	321	16	4	476	7	496	2.4e-39	159.5
NODE_634_length_2561_cov_52.104549_1	CYP13A.h	26.6	507	321	16	4	476	7	496	2.4e-39	159.5
NODE_634_length_2561_cov_52.104549_1	CYP13A.h	26.6	507	321	16	4	476	7	496	2.4e-39	159.5
NODE_634_length_2561_cov_52.104549_1	CYP13A.h	26.6	507	321	16	4	476	7	496	2.4e-39	159.5
NODE_634_length_2561_cov_52.104549_1	CYP13A12	26.8	511	325	17	1	476	1	497	3.1e-39	159.1
NODE_634_length_2561_cov_52.104549_1	CYP13A12	26.8	511	325	17	1	476	1	497	3.1e-39	159.1
NODE_634_length_2561_cov_52.104549_1	Cyp5a1	26.8	534	324	16	6	493	18	530	5.9e-38	154.8
NODE_634_length_2561_cov_52.104549_1	Cyp5a1	26.8	534	324	16	6	493	18	530	5.9e-38	154.8
NODE_634_length_2561_cov_52.104549_1	CYP3B1	28.6	475	280	16	10	475	11	435	2.3e-37	152.9
NODE_634_length_2561_cov_52.104549_1	CYP3B1	28.6	475	280	16	10	475	11	435	2.3e-37	152.9
NODE_634_length_2561_cov_52.104549_1	CYP13A3	25.6	524	317	18	1	476	1	499	3.8e-37	152.1
NODE_634_length_2561_cov_52.104549_1	CYP13A3	25.6	524	317	18	1	476	1	499	3.8e-37	152.1
NODE_634_length_2561_cov_52.104549_1	CYP13A7	26.0	527	317	19	1	479	1	502	1.5e-36	150.2
NODE_634_length_2561_cov_52.104549_1	CYP13A7	26.0	527	317	19	1	479	1	502	1.5e-36	150.2
NODE_634_length_2561_cov_52.104549_1	CYP5A	26.2	545	321	18	10	495	16	538	7.3e-36	147.9
NODE_634_length_2561_cov_52.104549_1	CYP5A	26.2	545	321	18	10	495	16	538	7.3e-36	147.9
NODE_634_length_2561_cov_52.104549_1	CYP13A.f	25.2	519	323	18	1	476	1	497	1.2e-35	147.1
NODE_849_length_2342_cov_9.463052_1	Cyp3a13	35.3	380	228	8	1	374	129	496	2.5e-60	228.8
NODE_849_length_2342_cov_9.463052_1	Cyp3a11	34.8	382	232	7	2	377	130	500	2.5e-60	228.8
NODE_849_length_2342_cov_9.463052_1	Cyp3a13	35.3	380	228	8	1	374	129	496	2.5e-60	228.8
NODE_849_length_2342_cov_9.463052_1	Cyp3a11	34.8	382	232	7	2	377	130	500	2.5e-60	228.8
NODE_849_length_2342_cov_9.463052_1	CYP3A5_v1	35.2	369	223	6	1	364	129	486	4.2e-60	228.0
NODE_849_length_2342_cov_9.463052_1	CYP3A5_v1	35.2	369	223	6	1	364	129	486	4.2e-60	228.0
NODE_849_length_2342_cov_9.463052_1	CYP3A9	34.8	379	231	6	1	374	129	496	3.6e-59	224.9
NODE_849_length_2342_cov_9.463052_1	CYP3A9	34.8	379	231	6	1	374	129	496	3.6e-59	224.9
NODE_849_length_2342_cov_9.463052_1	CYP3A18	32.9	365	230	6	1	360	129	483	1.4e-58	223.0
NODE_849_length_2342_cov_9.463052_1	CYP3A18	32.9	365	230	6	1	360	129	483	1.4e-58	223.0
NODE_849_length_2342_cov_9.463052_1	CYP3A7	34.7	369	226	6	1	364	129	487	2.3e-58	222.2
NODE_849_length_2342_cov_9.463052_1	CYP3A7	34.7	369	226	6	1	364	129	487	2.3e-58	222.2
NODE_849_length_2342_cov_9.463052_1	Cyp3a57	32.8	369	233	6	1	364	129	487	5.1e-58	221.1
NODE_849_length_2342_cov_9.463052_1	Cyp3a57	32.8	369	233	6	1	364	129	487	5.1e-58	221.1
NODE_849_length_2342_cov_9.463052_1	CYP3A4	34.7	369	225	6	1	364	129	486	8.8e-58	220.3
NODE_849_length_2342_cov_9.463052_1	CYP3A4	34.7	369	225	6	1	364	129	486	8.8e-58	220.3
NODE_849_length_2342_cov_9.463052_1	Cyp3a41	35.0	383	231	9	2	377	130	501	1.5e-57	219.5
NODE_849_length_2342_cov_9.463052_1	Cyp3a41	35.0	383	231	9	2	377	130	501	1.5e-57	219.5
NODE_849_length_2342_cov_9.463052_1	CYP3A1	33.9	383	234	7	2	377	130	500	2.0e-57	219.2
NODE_849_length_2342_cov_9.463052_1	CYP3A1	33.9	383	234	7	2	377	130	500	2.0e-57	219.2
NODE_849_length_2342_cov_9.463052_1	Cyp3a25	33.1	369	232	6	1	364	129	487	3.3e-57	218.4
NODE_849_length_2342_cov_9.463052_1	Cyp3a25	33.1	369	232	6	1	364	129	487	3.3e-57	218.4
NODE_849_length_2342_cov_9.463052_1	Cyp3a16	33.5	382	237	8	2	377	132	502	7.4e-57	217.2
NODE_849_length_2342_cov_9.463052_1	Cyp3a16	33.5	382	237	8	2	377	132	502	7.4e-57	217.2
NODE_849_length_2342_cov_9.463052_1	Cyp3a44	33.0	382	239	6	2	377	130	500	1.7e-56	216.1
NODE_1117_length_2146_cov_81.556671_1	Cyp3a16	33.8	462	281	13	29	480	35	481	3.0e-61	232.3
NODE_1117_length_2146_cov_81.556671_1	Cyp3a16	33.8	462	281	13	29	480	35	481	3.0e-61	232.3
NODE_1117_length_2146_cov_81.556671_1	Cyp3a13	32.1	480	295	11	29	496	33	493	3.9e-61	231.9
NODE_1117_length_2146_cov_81.556671_1	CYP3A9	31.5	480	298	11	29	496	33	493	3.9e-61	231.9
NODE_1117_length_2146_cov_81.556671_1	Cyp3a13	32.1	480	295	11	29	496	33	493	3.9e-61	231.9
NODE_1117_length_2146_cov_81.556671_1	CYP3A9	31.5	480	298	11	29	496	33	493	3.9e-61	231.9
NODE_1117_length_2146_cov_81.556671_1	Cyp3a44	32.7	474	301	11	29	496	33	494	1.2e-59	226.9
NODE_1117_length_2146_cov_81.556671_1	Cyp3a44	32.7	474	301	11	29	496	33	494	1.2e-59	226.9
NODE_1117_length_2146_cov_81.556671_1	CYP3A98	32.4	460	291	10	29	481	33	479	1.6e-59	226.5
NODE_1117_length_2146_cov_81.556671_1	CYP3A98	32.4	460	291	10	29	481	33	479	1.6e-59	226.5
NODE_1117_length_2146_cov_81.556671_1	Cyp3a57	32.1	468	280	13	29	480	33	478	2.1e-59	226.1
NODE_1117_length_2146_cov_81.556671_1	Cyp3a57	32.1	468	280	13	29	480	33	478	2.1e-59	226.1
NODE_1117_length_2146_cov_81.556671_1	CYP3A2	32.3	483	291	15	29	496	33	494	1.1e-58	223.8
NODE_1117_length_2146_cov_81.556671_1	CYP3A2	32.3	483	291	15	29	496	33	494	1.1e-58	223.8
NODE_1117_length_2146_cov_81.556671_1	CYP3A18	30.9	459	297	9	29	480	33	478	4.0e-58	221.9
NODE_1117_length_2146_cov_81.556671_1	CYP3A18	30.9	459	297	9	29	480	33	478	4.0e-58	221.9
NODE_1117_length_2146_cov_81.556671_1	CYP3A27	31.7	473	300	11	34	496	39	498	6.8e-58	221.1
NODE_1117_length_2146_cov_81.556671_1	CYP3A4	31.4	475	304	11	29	496	33	492	6.8e-58	221.1
NODE_1117_length_2146_cov_81.556671_1	CYP3A27	31.7	473	300	11	34	496	39	498	6.8e-58	221.1
NODE_1117_length_2146_cov_81.556671_1	CYP3A4	31.4	475	304	11	29	496	33	492	6.8e-58	221.1
NODE_1117_length_2146_cov_81.556671_1	CYP3A7	30.9	479	298	13	29	494	33	491	2.0e-57	219.5
NODE_1117_length_2146_cov_81.556671_1	CYP3A7	30.9	479	298	13	29	494	33	491	2.0e-57	219.5
NODE_1117_length_2146_cov_81.556671_1	CYP3A43	30.5	475	310	10	29	496	33	494	2.6e-57	219.2
NODE_1117_length_2146_cov_81.556671_1	CYP3A43	30.5	475	310	10	29	496	33	494	2.6e-57	219.2
NODE_1117_length_2146_cov_81.556671_1	Cyp3a25	30.6	467	288	12	29	480	33	478	3.4e-57	218.8
NODE_1304_length_2034_cov_347.916625_2	CYP4V7	37.8	505	272	6	8	507	43	510	4.6e-102	367.9
NODE_1304_length_2034_cov_347.916625_2	CYP4V7	37.8	505	272	6	8	507	43	510	4.6e-102	367.9
NODE_1304_length_2034_cov_347.916625_2	CYP4V5	38.9	496	263	7	15	506	51	510	5.1e-101	364.4
NODE_1304_length_2034_cov_347.916625_2	CYP4V5	38.9	496	263	7	15	506	51	510	5.1e-101	364.4
NODE_1304_length_2034_cov_347.916625_2	CYP4V6	36.8	508	280	8	8	510	43	514	1.3e-99	359.8
NODE_1304_length_2034_cov_347.916625_2	CYP4V6	36.8	508	280	8	8	510	43	514	1.3e-99	359.8
NODE_1304_length_2034_cov_347.916625_2	Cyp4v3	38.3	499	272	7	13	507	56	522	3.6e-99	358.2
NODE_1304_length_2034_cov_347.916625_2	Cyp4v3	38.3	499	272	7	13	507	56	522	3.6e-99	358.2
NODE_1304_length_2034_cov_347.916625_2	CYP4V2	38.2	497	270	7	13	505	56	519	9.0e-98	353.6
NODE_1304_length_2034_cov_347.916625_2	CYP4V2	38.2	497	270	7	13	505	56	519	9.0e-98	353.6
NODE_1304_length_2034_cov_347.916625_2	CYP42A1	33.9	505	288	8	10	506	36	502	3.5e-86	315.1
NODE_1304_length_2034_cov_347.916625_2	CYP42A1	33.9	505	288	8	10	506	36	502	3.5e-86	315.1
NODE_1304_length_2034_cov_347.916625_2	CYP32A1	32.8	525	285	9	8	506	40	522	5.7e-84	307.8
NODE_1304_length_2034_cov_347.916625_2	CYP32A1	32.8	525	285	9	8	506	40	522	5.7e-84	307.8
NODE_1304_length_2034_cov_347.916625_2	CYP31A2	32.9	513	297	7	1	510	26	494	4.5e-81	298.1
NODE_1304_length_2034_cov_347.916625_2	CYP31A2	32.9	513	297	7	1	510	26	494	4.5e-81	298.1
NODE_1304_length_2034_cov_347.916625_2	CYP32B1	34.7	530	279	11	6	508	39	528	2.2e-80	295.8
NODE_1304_length_2034_cov_347.916625_2	CYP32B1	34.7	530	279	11	6	508	39	528	2.2e-80	295.8
NODE_1304_length_2034_cov_347.916625_2	CYP37A1	32.1	533	296	9	1	507	32	524	7.2e-79	290.8
NODE_1304_length_2034_cov_347.916625_2	CYP37A1	32.1	533	296	9	1	507	32	524	7.2e-79	290.8
NODE_1304_length_2034_cov_347.916625_2	CYP31A3	32.4	513	300	7	1	510	26	494	2.3e-77	285.8
NODE_1304_length_2034_cov_347.916625_2	CYP31A3	32.4	513	300	7	1	510	26	494	2.3e-77	285.8
NODE_1304_length_2034_cov_347.916625_2	cb25.fpc4470	31.7	508	293	9	7	502	35	500	9.7e-76	280.4
NODE_1304_length_2034_cov_347.916625_2	cb25.fpc4470	31.7	508	293	9	7	502	35	500	9.7e-76	280.4
NODE_1304_length_2034_cov_347.916625_2	cb25.fpc4126	31.9	505	293	11	7	502	35	497	1.4e-71	266.5
NODE_1443_length_1961_cov_226.369885_1	Cyp3a13	34.2	485	297	10	18	494	23	493	5.5e-68	254.6
NODE_1443_length_1961_cov_226.369885_1	Cyp3a13	34.2	485	297	10	18	494	23	493	5.5e-68	254.6
NODE_1443_length_1961_cov_226.369885_1	Cyp3a25	34.0	488	296	13	17	494	22	493	1.2e-67	253.4
NODE_1443_length_1961_cov_226.369885_1	Cyp3a25	34.0	488	296	13	17	494	22	493	1.2e-67	253.4
NODE_1443_length_1961_cov_226.369885_1	CYP3A18	33.5	499	290	13	14	494	19	493	1.6e-67	253.1
NODE_1443_length_1961_cov_226.369885_1	CYP3A18	33.5	499	290	13	14	494	19	493	1.6e-67	253.1
NODE_1443_length_1961_cov_226.369885_1	CYP3A9	33.9	498	295	11	11	494	16	493	1.4e-66	250.0
NODE_1443_length_1961_cov_226.369885_1	CYP3A9	33.9	498	295	11	11	494	16	493	1.4e-66	250.0
NODE_1443_length_1961_cov_226.369885_1	Cyp3a57	33.2	485	302	12	17	493	22	492	4.0e-66	248.4
NODE_1443_length_1961_cov_226.369885_1	Cyp3a57	33.2	485	302	12	17	493	22	492	4.0e-66	248.4
NODE_1443_length_1961_cov_226.369885_1	CYP5A1	30.2	517	312	10	18	496	25	530	1.2e-65	246.9
NODE_1443_length_1961_cov_226.369885_1	CYP5A1	30.2	517	312	10	18	496	25	530	1.2e-65	246.9
NODE_1443_length_1961_cov_226.369885_1	CYP3A5_v1	33.6	488	307	12	12	494	17	492	4.4e-65	245.0
NODE_1443_length_1961_cov_226.369885_1	CYP3A5_v1	33.6	488	307	12	12	494	17	492	4.4e-65	245.0
NODE_1443_length_1961_cov_226.369885_1	CYP3A98	33.8	485	299	12	18	494	23	493	5.7e-65	244.6
NODE_1443_length_1961_cov_226.369885_1	CYP3A98	33.8	485	299	12	18	494	23	493	5.7e-65	244.6
NODE_1443_length_1961_cov_226.369885_1	CYP3A27	33.0	512	301	15	7	499	15	503	3.7e-64	241.9
NODE_1443_length_1961_cov_226.369885_1	CYP3A27	33.0	512	301	15	7	499	15	503	3.7e-64	241.9
NODE_1443_length_1961_cov_226.369885_1	Cyp3a16	33.0	479	292	12	28	494	35	496	4.9e-64	241.5
NODE_1443_length_1961_cov_226.369885_1	Cyp3a16	33.0	479	292	12	28	494	35	496	4.9e-64	241.5
NODE_1443_length_1961_cov_226.369885_1	CYP3A48	32.5	489	296	12	20	494	25	493	8.3e-64	240.7
NODE_1443_length_1961_cov_226.369885_1	CYP3A48	32.5	489	296	12	20	494	25	493	8.3e-64	240.7
NODE_1443_length_1961_cov_226.369885_1	Cyp3a44	31.9	495	308	11	12	494	17	494	1.1e-63	240.4
NODE_1443_length_1961_cov_226.369885_1	Cyp3a44	31.9	495	308	11	12	494	17	494	1.1e-63	240.4
NODE_1443_length_1961_cov_226.369885_1	CYP3A2	33.0	485	284	13	28	494	33	494	2.4e-63	239.2
NODE_1556_length_1911_cov_86.202586_1	CYP3A43	32.1	480	296	11	36	506	19	477	2.0e-63	239.6
NODE_1556_length_1911_cov_86.202586_1	CYP3A43	32.1	480	296	11	36	506	19	477	2.0e-63	239.6
NODE_1556_length_1911_cov_86.202586_1	Cyp3a41	31.1	499	314	12	26	514	9	487	1.3e-62	236.9
NODE_1556_length_1911_cov_86.202586_1	Cyp3a41	31.1	499	314	12	26	514	9	487	1.3e-62	236.9
NODE_1556_length_1911_cov_86.202586_1	CYP3A7	32.5	492	297	14	30	510	13	480	2.8e-62	235.7
NODE_1556_length_1911_cov_86.202586_1	CYP3A7	32.5	492	297	14	30	510	13	480	2.8e-62	235.7
NODE_1556_length_1911_cov_86.202586_1	CYP3A48	30.5	508	317	12	30	527	15	496	1.8e-61	233.0
NODE_1556_length_1911_cov_86.202586_1	CYP3A48	30.5	508	317	12	30	527	15	496	1.8e-61	233.0
NODE_1556_length_1911_cov_86.202586_1	CYP3A5_v1	30.9	517	310	16	30	530	13	498	2.2e-59	226.1
NODE_1556_length_1911_cov_86.202586_1	CYP3A5_v1	30.9	517	310	16	30	530	13	498	2.2e-59	226.1
NODE_1556_length_1911_cov_86.202586_1	CYP3A49	29.6	490	314	12	51	530	10	478	6.8e-56	214.5
NODE_1556_length_1911_cov_86.202586_1	CYP3A49	29.6	490	314	12	51	530	10	478	6.8e-56	214.5
NODE_1556_length_1911_cov_86.202586_1	CYP3B2	27.6	475	304	12	47	507	30	478	1.9e-50	196.4
NODE_1556_length_1911_cov_86.202586_1	CYP5A1	26.8	555	331	16	20	527	5	531	1.9e-50	196.4
NODE_1556_length_1911_cov_86.202586_1	CYP3C1	28.5	491	315	11	30	506	13	481	1.9e-50	196.4
NODE_1556_length_1911_cov_86.202586_1	CYP3B2	27.6	475	304	12	47	507	30	478	1.9e-50	196.4
NODE_1556_length_1911_cov_86.202586_1	CYP5A1	26.8	555	331	16	20	527	5	531	1.9e-50	196.4
NODE_1556_length_1911_cov_86.202586_1	CYP3C1	28.5	491	315	11	30	506	13	481	1.9e-50	196.4
NODE_1556_length_1911_cov_86.202586_1	CYP3C1	28.3	491	316	11	30	506	13	481	2.5e-50	196.1
NODE_1556_length_1911_cov_86.202586_1	CYP3C1	28.3	491	316	11	30	506	13	481	2.5e-50	196.1
NODE_1556_length_1911_cov_86.202586_1	CYP3A65	26.9	587	324	17	31	530	9	577	5.6e-50	194.9
NODE_1556_length_1911_cov_86.202586_1	CYP3A65	26.9	587	324	17	31	530	9	577	5.6e-50	194.9
NODE_1556_length_1911_cov_86.202586_1	CYP5A	27.6	566	334	16	14	529	2	541	1.4e-48	190.3
NODE_1556_length_1911_cov_86.202586_1	CYP5A	27.6	566	334	16	14	529	2	541	1.4e-48	190.3
NODE_1670_length_1863_cov_177.723451_1	Cyp3a11	36.2	484	293	10	55	533	22	494	2.4e-77	285.8
NODE_1670_length_1863_cov_177.723451_1	Cyp3a11	36.2	484	293	10	55	533	22	494	2.4e-77	285.8
NODE_1670_length_1863_cov_177.723451_1	CYP3A2	35.0	491	302	11	49	533	15	494	1.7e-75	279.6
NODE_1670_length_1863_cov_177.723451_1	CYP3A2	35.0	491	302	11	49	533	15	494	1.7e-75	279.6
NODE_1670_length_1863_cov_177.723451_1	CYP3A5_v1	34.9	484	299	10	55	534	22	493	8.6e-75	277.3
NODE_1670_length_1863_cov_177.723451_1	CYP3A5_v1	34.9	484	299	10	55	534	22	493	8.6e-75	277.3
NODE_1670_length_1863_cov_177.723451_1	CYP3A4	34.7	484	300	10	55	534	22	493	1.9e-74	276.2
NODE_1670_length_1863_cov_177.723451_1	CYP3A4	34.7	484	300	10	55	534	22	493	1.9e-74	276.2
NODE_1670_length_1863_cov_177.723451_1	Cyp3a13	34.3	487	297	10	55	533	22	493	7.3e-74	274.2
NODE_1670_length_1863_cov_177.723451_1	Cyp3a13	34.3	487	297	10	55	533	22	493	7.3e-74	274.2
NODE_1670_length_1863_cov_177.723451_1	Cyp3a16	34.5	495	308	10	44	533	13	496	2.8e-73	272.3
NODE_1670_length_1863_cov_177.723451_1	CYP3A1	34.4	488	304	10	51	533	18	494	2.8e-73	272.3
NODE_1670_length_1863_cov_177.723451_1	Cyp3a16	34.5	495	308	10	44	533	13	496	2.8e-73	272.3
NODE_1670_length_1863_cov_177.723451_1	CYP3A1	34.4	488	304	10	51	533	18	494	2.8e-73	272.3
NODE_1670_length_1863_cov_177.723451_1	CYP3A99	34.6	491	305	10	49	534	15	494	6.2e-73	271.2
NODE_1670_length_1863_cov_177.723451_1	CYP3A18	33.8	488	302	10	53	533	20	493	6.2e-73	271.2
NODE_1670_length_1863_cov_177.723451_1	CYP3A99	34.6	491	305	10	49	534	15	494	6.2e-73	271.2
NODE_1670_length_1863_cov_177.723451_1	CYP3A18	33.8	488	302	10	53	533	20	493	6.2e-73	271.2
NODE_1670_length_1863_cov_177.723451_1	CYP3A98	34.5	484	302	9	55	534	22	494	8.1e-73	270.8
NODE_1670_length_1863_cov_177.723451_1	Cyp3a41	35.2	492	296	12	51	533	18	495	8.1e-73	270.8
NODE_1670_length_1863_cov_177.723451_1	CYP3A98	34.5	484	302	9	55	534	22	494	8.1e-73	270.8
NODE_1670_length_1863_cov_177.723451_1	Cyp3a41	35.2	492	296	12	51	533	18	495	8.1e-73	270.8
NODE_1670_length_1863_cov_177.723451_1	CYP3A9	33.6	491	307	9	49	533	16	493	1.1e-72	270.4
NODE_1670_length_1863_cov_177.723451_1	CYP3A9	33.6	491	307	9	49	533	16	493	1.1e-72	270.4
NODE_1670_length_1863_cov_177.723451_1	CYP3A23	34.0	488	304	11	51	533	18	492	4.0e-72	268.5
NODE_1719_length_1841_cov_29.388578_1	Cyp3a41	35.1	501	293	13	6	493	13	494	3.5e-70	261.9
NODE_1719_length_1841_cov_29.388578_1	Cyp3a41	35.1	501	293	13	6	493	13	494	3.5e-70	261.9
NODE_1719_length_1841_cov_29.388578_1	Cyp3a13	33.7	507	298	10	3	493	8	492	4.6e-70	261.5
NODE_1719_length_1841_cov_29.388578_1	Cyp3a13	33.7	507	298	10	3	493	8	492	4.6e-70	261.5
NODE_1719_length_1841_cov_29.388578_1	CYP5A1	29.7	539	332	10	4	505	11	539	1.0e-69	260.4
NODE_1719_length_1841_cov_29.388578_1	CYP3A9	33.4	521	302	14	3	505	8	501	1.0e-69	260.4
NODE_1719_length_1841_cov_29.388578_1	CYP5A1	29.7	539	332	10	4	505	11	539	1.0e-69	260.4
NODE_1719_length_1841_cov_29.388578_1	CYP3A9	33.4	521	302	14	3	505	8	501	1.0e-69	260.4
NODE_1719_length_1841_cov_29.388578_1	Cyp3a16	34.1	498	303	11	6	493	13	495	1.7e-69	259.6
NODE_1719_length_1841_cov_29.388578_1	Cyp3a16	34.1	498	303	11	6	493	13	495	1.7e-69	259.6
NODE_1719_length_1841_cov_29.388578_1	Cyp3a44	33.5	501	308	11	3	493	8	493	2.3e-69	259.2
NODE_1719_length_1841_cov_29.388578_1	CYP3A18	33.2	509	304	11	1	493	4	492	2.3e-69	259.2
NODE_1719_length_1841_cov_29.388578_1	Cyp3a44	33.5	501	308	11	3	493	8	493	2.3e-69	259.2
NODE_1719_length_1841_cov_29.388578_1	CYP3A18	33.2	509	304	11	1	493	4	492	2.3e-69	259.2
NODE_1719_length_1841_cov_29.388578_1	Cyp3a25	33.0	506	309	11	1	493	4	492	1.1e-68	256.9
NODE_1719_length_1841_cov_29.388578_1	Cyp3a25	33.0	506	309	11	1	493	4	492	1.1e-68	256.9
NODE_1719_length_1841_cov_29.388578_1	CYP3A4	34.2	488	292	11	17	493	22	491	3.3e-68	255.4
NODE_1719_length_1841_cov_29.388578_1	CYP3A4	34.2	488	292	11	17	493	22	491	3.3e-68	255.4
NODE_1719_length_1841_cov_29.388578_1	Cyp3a57	32.3	504	317	10	1	494	4	493	7.3e-68	254.2
NODE_1719_length_1841_cov_29.388578_1	Cyp3a57	32.3	504	317	10	1	494	4	493	7.3e-68	254.2
NODE_1719_length_1841_cov_29.388578_1	CYP3A23	34.6	506	286	16	6	493	13	491	9.6e-68	253.8
NODE_1719_length_1841_cov_29.388578_1	CYP3A23	34.6	506	286	16	6	493	13	491	9.6e-68	253.8
NODE_1719_length_1841_cov_29.388578_1	CYP3A2	33.8	503	296	13	6	493	13	493	1.6e-67	253.1
NODE_1719_length_1841_cov_29.388578_1	CYP3A2	33.8	503	296	13	6	493	13	493	1.6e-67	253.1
NODE_1719_length_1841_cov_29.388578_1	CYP3A5_v1	33.9	504	306	13	1	493	4	491	2.1e-67	252.7
NODE_1758_length_1826_cov_23.547149_1	CYP3A98	35.2	511	293	10	23	523	13	495	2.8e-78	288.9
NODE_1758_length_1826_cov_23.547149_1	CYP3A98	35.2	511	293	10	23	523	13	495	2.8e-78	288.9
NODE_1758_length_1826_cov_23.547149_1	Cyp3a25	36.9	472	267	10	23	487	13	460	1.3e-75	280.0
NODE_1758_length_1826_cov_23.547149_1	Cyp3a25	36.9	472	267	10	23	487	13	460	1.3e-75	280.0
NODE_1758_length_1826_cov_23.547149_1	CYP3A9	34.9	502	296	9	16	510	6	483	3.8e-75	278.5
NODE_1758_length_1826_cov_23.547149_1	CYP3A9	34.9	502	296	9	16	510	6	483	3.8e-75	278.5
NODE_1758_length_1826_cov_23.547149_1	Cyp3a13	34.8	480	286	9	40	510	22	483	8.4e-75	277.3
NODE_1758_length_1826_cov_23.547149_1	Cyp3a59	36.2	484	273	11	19	487	3	465	8.4e-75	277.3
NODE_1758_length_1826_cov_23.547149_1	Cyp3a13	34.8	480	286	9	40	510	22	483	8.4e-75	277.3
NODE_1758_length_1826_cov_23.547149_1	Cyp3a59	36.2	484	273	11	19	487	3	465	8.4e-75	277.3
NODE_1758_length_1826_cov_23.547149_1	Cyp3a11	33.8	503	299	9	22	510	2	484	5.4e-74	274.6
NODE_1758_length_1826_cov_23.547149_1	Cyp3a11	33.8	503	299	9	22	510	2	484	5.4e-74	274.6
NODE_1758_length_1826_cov_23.547149_1	CYP3A18	36.9	461	263	9	34	487	21	460	9.3e-74	273.9
NODE_1758_length_1826_cov_23.547149_1	CYP3A18	36.9	461	263	9	34	487	21	460	9.3e-74	273.9
NODE_1758_length_1826_cov_23.547149_1	Cyp3a57	37.3	472	265	10	23	487	13	460	2.1e-73	272.7
NODE_1758_length_1826_cov_23.547149_1	Cyp3a16	34.8	491	291	10	13	496	2	470	2.1e-73	272.7
NODE_1758_length_1826_cov_23.547149_1	Cyp3a57	37.3	472	265	10	23	487	13	460	2.1e-73	272.7
NODE_1758_length_1826_cov_23.547149_1	Cyp3a16	34.8	491	291	10	13	496	2	470	2.1e-73	272.7
NODE_1758_length_1826_cov_23.547149_1	CYP3A2	34.3	504	295	11	22	510	2	484	3.5e-73	271.9
NODE_1758_length_1826_cov_23.547149_1	CYP3A2	34.3	504	295	11	22	510	2	484	3.5e-73	271.9
NODE_1758_length_1826_cov_23.547149_1	CYP3A4	34.7	501	297	13	19	510	3	482	1.0e-72	270.4
NODE_1758_length_1826_cov_23.547149_1	CYP3A4	34.7	501	297	13	19	510	3	482	1.0e-72	270.4
NODE_1758_length_1826_cov_23.547149_1	CYP3A1	33.8	503	299	9	22	510	2	484	1.3e-72	270.0
NODE_1758_length_1826_cov_23.547149_1	CYP3A1	33.8	503	299	9	22	510	2	484	1.3e-72	270.0
NODE_1758_length_1826_cov_23.547149_1	CYP3A7	33.3	501	299	8	23	514	13	487	3.0e-72	268.9
NODE_1781_length_1811_cov_25.472096_1	CYP3A98	34.8	468	286	9	2	462	19	474	7.3e-73	270.8
NODE_1781_length_1811_cov_25.472096_1	CYP3A98	34.8	468	286	9	2	462	19	474	7.3e-73	270.8
NODE_1781_length_1811_cov_25.472096_1	Cyp3a41	34.9	476	279	12	1	462	18	476	4.7e-72	268.1
NODE_1781_length_1811_cov_25.472096_1	Cyp3a41	34.9	476	279	12	1	462	18	476	4.7e-72	268.1
NODE_1781_length_1811_cov_25.472096_1	CYP3A9	34.2	468	289	9	2	462	19	474	5.2e-71	264.6
NODE_1781_length_1811_cov_25.472096_1	CYP3A9	34.2	468	289	9	2	462	19	474	5.2e-71	264.6
NODE_1781_length_1811_cov_25.472096_1	Cyp3a13	33.0	488	307	8	2	482	19	493	6.8e-71	264.2
NODE_1781_length_1811_cov_25.472096_1	Cyp3a13	33.0	488	307	8	2	482	19	493	6.8e-71	264.2
NODE_1781_length_1811_cov_25.472096_1	CYP3A1	33.0	473	291	9	1	462	18	475	8.9e-71	263.8
NODE_1781_length_1811_cov_25.472096_1	CYP3A1	33.0	473	291	9	1	462	18	475	8.9e-71	263.8
NODE_1781_length_1811_cov_25.472096_1	CYP3A2	34.0	470	290	10	1	462	18	475	1.2e-70	263.5
NODE_1781_length_1811_cov_25.472096_1	CYP3A2	34.0	470	290	10	1	462	18	475	1.2e-70	263.5
NODE_1781_length_1811_cov_25.472096_1	Cyp3a16	33.8	468	280	11	8	462	27	477	1.5e-70	263.1
NODE_1781_length_1811_cov_25.472096_1	Cyp3a16	33.8	468	280	11	8	462	27	477	1.5e-70	263.1
NODE_1781_length_1811_cov_25.472096_1	CYP3A5_v1	33.0	491	302	11	2	482	19	492	4.4e-70	261.5
NODE_1781_length_1811_cov_25.472096_1	CYP3A5_v1	33.0	491	302	11	2	482	19	492	4.4e-70	261.5
NODE_1781_length_1811_cov_25.472096_1	Cyp3a44	33.8	467	295	8	1	462	18	475	9.8e-70	260.4
NODE_1781_length_1811_cov_25.472096_1	Cyp3a44	33.8	467	295	8	1	462	18	475	9.8e-70	260.4
NODE_1781_length_1811_cov_25.472096_1	CYP3A23	33.2	473	288	10	1	462	18	473	1.3e-69	260.0
NODE_1781_length_1811_cov_25.472096_1	CYP3A23	33.2	473	288	10	1	462	18	473	1.3e-69	260.0
NODE_1781_length_1811_cov_25.472096_1	Cyp3a25	32.7	468	296	8	2	462	19	474	2.9e-69	258.8
NODE_1781_length_1811_cov_25.472096_1	Cyp3a25	32.7	468	296	8	2	462	19	474	2.9e-69	258.8
NODE_1781_length_1811_cov_25.472096_1	CYP3A4	33.8	464	295	6	2	462	19	473	6.4e-69	257.7
NODE_1781_length_1811_cov_25.472096_1	CYP3A4	33.8	464	295	6	2	462	19	473	6.4e-69	257.7
NODE_1781_length_1811_cov_25.472096_1	CYP3A27	34.3	504	288	12	2	482	15	498	3.2e-68	255.4
NODE_1840_length_1784_cov_14.198959_1	CYP2J2	29.8	473	300	15	38	503	42	489	1.2e-52	203.8
NODE_1840_length_1784_cov_14.198959_1	CYP2J2	29.8	473	300	15	38	503	42	489	1.2e-52	203.8
NODE_1840_length_1784_cov_14.198959_1	Cyp2j6	30.5	452	287	13	38	483	42	472	2.6e-52	202.6
NODE_1840_length_1784_cov_14.198959_1	Cyp2j6	30.5	452	287	13	38	483	42	472	2.6e-52	202.6
NODE_1840_length_1784_cov_14.198959_1	Cyp2j12	29.6	473	303	14	38	503	42	491	1.3e-51	200.3
NODE_1840_length_1784_cov_14.198959_1	Cyp2j12	29.6	473	303	14	38	503	42	491	1.3e-51	200.3
NODE_1840_length_1784_cov_14.198959_1	CYP2J3	29.6	452	289	13	38	482	42	471	1.7e-51	199.9
NODE_1840_length_1784_cov_14.198959_1	CYP2J3	29.6	452	289	13	38	482	42	471	1.7e-51	199.9
NODE_1840_length_1784_cov_14.198959_1	Cyp2j13	30.8	477	294	17	38	503	42	493	3.7e-51	198.7
NODE_1840_length_1784_cov_14.198959_1	Cyp2j13	30.8	477	294	17	38	503	42	493	3.7e-51	198.7
NODE_1840_length_1784_cov_14.198959_1	CYP2N13	31.1	511	309	19	16	513	17	497	1.1e-50	197.2
NODE_1840_length_1784_cov_14.198959_1	CYP2N13	31.1	511	309	19	16	513	17	497	1.1e-50	197.2
NODE_1840_length_1784_cov_14.198959_1	CYP2X6	31.4	488	297	15	38	513	26	487	1.2e-49	193.7
NODE_1840_length_1784_cov_14.198959_1	CYP2X6	31.4	488	297	15	38	513	26	487	1.2e-49	193.7
NODE_1840_length_1784_cov_14.198959_1	Cyp2j9	28.6	451	295	12	38	482	42	471	2.0e-49	193.0
NODE_1840_length_1784_cov_14.198959_1	Cyp2j8	29.4	496	317	13	16	503	23	493	2.0e-49	193.0
NODE_1840_length_1784_cov_14.198959_1	Cyp2j9	28.6	451	295	12	38	482	42	471	2.0e-49	193.0
NODE_1840_length_1784_cov_14.198959_1	Cyp2j8	29.4	496	317	13	16	503	23	493	2.0e-49	193.0
NODE_1840_length_1784_cov_14.198959_1	CYP2J2	28.6	475	305	15	38	503	42	491	7.8e-49	191.0
NODE_1840_length_1784_cov_14.198959_1	CYP2J2	28.6	475	305	15	38	503	42	491	7.8e-49	191.0
NODE_1840_length_1784_cov_14.198959_1	CYP2Y3	28.6	500	310	13	11	493	2	471	1.0e-48	190.7
NODE_1840_length_1784_cov_14.198959_1	CYP2Y3	28.6	500	310	13	11	493	2	471	1.0e-48	190.7
NODE_1840_length_1784_cov_14.198959_1	CYP2X8	29.7	509	324	14	14	513	4	487	1.7e-48	189.9
NODE_1840_length_1784_cov_14.198959_1	CYP2X8	29.7	509	324	14	14	513	4	487	1.7e-48	189.9
NODE_1840_length_1784_cov_14.198959_1	CYP2F4	30.0	490	298	13	40	513	31	491	2.3e-48	189.5
NODE_1928_length_1752_cov_139.262817_1	CYP3A5_v1	33.1	462	277	14	4	455	42	481	2.1e-61	232.6
NODE_1928_length_1752_cov_139.262817_1	CYP3A5_v1	33.1	462	277	14	4	455	42	481	2.1e-61	232.6
NODE_1928_length_1752_cov_139.262817_1	CYP3A18	35.0	417	249	11	40	448	73	475	3.7e-61	231.9
NODE_1928_length_1752_cov_139.262817_1	CYP3A18	35.0	417	249	11	40	448	73	475	3.7e-61	231.9
NODE_1928_length_1752_cov_139.262817_1	Cyp3a16	35.5	439	241	12	28	450	68	480	8.2e-61	230.7
NODE_1928_length_1752_cov_139.262817_1	Cyp3a16	35.5	439	241	12	28	450	68	480	8.2e-61	230.7
NODE_1928_length_1752_cov_139.262817_1	Cyp3a11	34.5	420	262	8	40	455	73	483	1.4e-60	229.9
NODE_1928_length_1752_cov_139.262817_1	Cyp3a11	34.5	420	262	8	40	455	73	483	1.4e-60	229.9
NODE_1928_length_1752_cov_139.262817_1	Cyp3a59	32.0	450	283	11	5	448	48	480	6.9e-60	227.6
NODE_1928_length_1752_cov_139.262817_1	Cyp3a59	32.0	450	283	11	5	448	48	480	6.9e-60	227.6
NODE_1928_length_1752_cov_139.262817_1	Cyp3a44	34.3	432	266	10	28	455	66	483	1.2e-59	226.9
NODE_1928_length_1752_cov_139.262817_1	Cyp3a44	34.3	432	266	10	28	455	66	483	1.2e-59	226.9
NODE_1928_length_1752_cov_139.262817_1	Cyp3a25	34.3	417	252	11	40	448	73	475	3.4e-59	225.3
NODE_1928_length_1752_cov_139.262817_1	Cyp3a25	34.3	417	252	11	40	448	73	475	3.4e-59	225.3
NODE_1928_length_1752_cov_139.262817_1	Cyp3a57	32.5	452	278	12	5	448	43	475	2.9e-58	222.2
NODE_1928_length_1752_cov_139.262817_1	Cyp3a57	32.5	452	278	12	5	448	43	475	2.9e-58	222.2
NODE_1928_length_1752_cov_139.262817_1	CYP3A2	33.1	420	268	8	40	455	73	483	1.9e-57	219.5
NODE_1928_length_1752_cov_139.262817_1	CYP3A2	33.1	420	268	8	40	455	73	483	1.9e-57	219.5
NODE_1928_length_1752_cov_139.262817_1	CYP3A23	31.7	457	288	9	5	455	43	481	7.1e-57	217.6
NODE_1928_length_1752_cov_139.262817_1	CYP3A23	31.7	457	288	9	5	455	43	481	7.1e-57	217.6
NODE_1928_length_1752_cov_139.262817_1	CYP3A1	31.7	457	290	9	5	455	43	483	9.3e-57	217.2
NODE_1928_length_1752_cov_139.262817_1	CYP3A1	31.7	457	290	9	5	455	43	483	9.3e-57	217.2
NODE_1928_length_1752_cov_139.262817_1	CYP5A1	28.4	500	303	14	5	467	49	530	8.5e-50	194.1
NODE_1928_length_1752_cov_139.262817_1	CYP5A1	28.4	500	303	14	5	467	49	530	8.5e-50	194.1
NODE_1928_length_1752_cov_139.262817_1	CYP5A1	27.5	506	306	15	5	469	45	530	6.1e-48	188.0
NODE_1945_length_1748_cov_16.556999_1	Cyp3a11	33.9	481	301	11	14	488	19	488	3.8e-69	258.5
NODE_1945_length_1748_cov_16.556999_1	Cyp3a11	33.9	481	301	11	14	488	19	488	3.8e-69	258.5
NODE_1945_length_1748_cov_16.556999_1	CYP3A99	32.3	480	311	8	9	484	14	483	8.5e-69	257.3
NODE_1945_length_1748_cov_16.556999_1	CYP3A99	32.3	480	311	8	9	484	14	483	8.5e-69	257.3
NODE_1945_length_1748_cov_16.556999_1	CYP3A98	33.1	489	303	10	9	488	14	487	3.2e-68	255.4
NODE_1945_length_1748_cov_16.556999_1	CYP3A98	33.1	489	303	10	9	488	14	487	3.2e-68	255.4
NODE_1945_length_1748_cov_16.556999_1	Cyp3a41	34.1	495	305	13	1	488	9	489	2.1e-67	252.7
NODE_1945_length_1748_cov_16.556999_1	Cyp3a41	34.1	495	305	13	1	488	9	489	2.1e-67	252.7
NODE_1945_length_1748_cov_16.556999_1	Cyp3a44	33.2	488	309	11	7	488	12	488	1.8e-66	249.6
NODE_1945_length_1748_cov_16.556999_1	Cyp3a44	33.2	488	309	11	7	488	12	488	1.8e-66	249.6
NODE_1945_length_1748_cov_16.556999_1	CYP3A5_v1	33.2	485	307	11	9	488	14	486	2.3e-66	249.2
NODE_1945_length_1748_cov_16.556999_1	Cyp3a16	33.6	500	307	12	1	487	1	488	2.3e-66	249.2
NODE_1945_length_1748_cov_16.556999_1	CYP3A1	32.6	491	304	12	9	488	14	488	2.3e-66	249.2
NODE_1945_length_1748_cov_16.556999_1	CYP3A5_v1	33.2	485	307	11	9	488	14	486	2.3e-66	249.2
NODE_1945_length_1748_cov_16.556999_1	Cyp3a16	33.6	500	307	12	1	487	1	488	2.3e-66	249.2
NODE_1945_length_1748_cov_16.556999_1	CYP3A1	32.6	491	304	12	9	488	14	488	2.3e-66	249.2
NODE_1945_length_1748_cov_16.556999_1	Cyp3a13	33.1	486	299	11	9	484	14	483	4.0e-66	248.4
NODE_1945_length_1748_cov_16.556999_1	Cyp3a13	33.1	486	299	11	9	484	14	483	4.0e-66	248.4
NODE_1945_length_1748_cov_16.556999_1	CYP3A9	33.1	487	310	11	6	488	13	487	1.2e-65	246.9
NODE_1945_length_1748_cov_16.556999_1	CYP3A9	33.1	487	310	11	6	488	13	487	1.2e-65	246.9
NODE_1945_length_1748_cov_16.556999_1	CYP3A2	33.1	487	299	12	9	484	14	484	1.5e-65	246.5
NODE_1945_length_1748_cov_16.556999_1	CYP3A2	33.1	487	299	12	9	484	14	484	1.5e-65	246.5
NODE_1945_length_1748_cov_16.556999_1	CYP3A4	33.7	481	288	11	9	477	14	475	2.6e-65	245.7
NODE_1945_length_1748_cov_16.556999_1	CYP3A4	33.7	481	288	11	9	477	14	475	2.6e-65	245.7
NODE_1945_length_1748_cov_16.556999_1	CYP3A18	32.0	487	312	11	9	489	14	487	5.7e-65	244.6
NODE_1993_length_1730_cov_117.635224_1	CYP3A5_v1	34.3	463	276	15	19	470	17	462	1.2e-54	210.3
NODE_1993_length_1730_cov_117.635224_1	CYP3A5_v1	34.3	463	276	15	19	470	17	462	1.2e-54	210.3
NODE_1993_length_1730_cov_117.635224_1	CYP13A7	26.7	498	310	13	11	470	5	485	5.4e-39	158.3
NODE_1993_length_1730_cov_117.635224_1	CYP13A7	26.7	498	310	13	11	470	5	485	5.4e-39	158.3
NODE_1993_length_1730_cov_117.635224_1	CYP13A5	25.7	525	345	14	9	500	3	515	2.1e-38	156.4
NODE_1993_length_1730_cov_117.635224_1	CYP13A5	25.7	525	345	14	9	500	3	515	2.1e-38	156.4
NODE_1993_length_1730_cov_117.635224_1	CYP13A4	26.1	510	316	15	9	477	3	492	1.0e-37	154.1
NODE_1993_length_1730_cov_117.635224_1	CYP13A9P	26.2	485	314	12	11	470	1	466	1.0e-37	154.1
NODE_1993_length_1730_cov_117.635224_1	CYP13A4	26.1	510	316	15	9	477	3	492	1.0e-37	154.1
NODE_1993_length_1730_cov_117.635224_1	CYP13A9P	26.2	485	314	12	11	470	1	466	1.0e-37	154.1
NODE_1993_length_1730_cov_117.635224_1	CYP13A3	25.8	535	330	15	9	499	3	514	1.1e-36	150.6
NODE_1993_length_1730_cov_117.635224_1	CYP13A3	25.8	535	330	15	9	499	3	514	1.1e-36	150.6
NODE_1993_length_1730_cov_117.635224_1	CYP13A.c	25.9	494	318	12	18	477	5	484	2.5e-36	149.4
NODE_1993_length_1730_cov_117.635224_1	CYP13A.c	25.9	494	318	12	18	477	5	484	2.5e-36	149.4
NODE_1993_length_1730_cov_117.635224_1	CYP13A.c	25.9	494	318	12	18	477	5	484	2.5e-36	149.4
NODE_1993_length_1730_cov_117.635224_1	CYP13A.c	25.9	494	318	12	18	477	5	484	2.5e-36	149.4
NODE_1993_length_1730_cov_117.635224_1	CYP13A.f	24.8	504	324	13	13	477	3	490	1.8e-34	143.3
NODE_1993_length_1730_cov_117.635224_1	CYP13A.f	24.8	504	324	13	13	477	3	490	1.8e-34	143.3
NODE_1993_length_1730_cov_117.635224_1	CYP13A.f	24.8	504	324	13	13	477	3	490	1.8e-34	143.3
NODE_1993_length_1730_cov_117.635224_1	CYP13A.f	24.8	504	324	13	13	477	3	490	1.8e-34	143.3
NODE_1993_length_1730_cov_117.635224_1	CYP13A.e	25.7	490	322	13	12	470	8	486	5.3e-34	141.7
NODE_1993_length_1730_cov_117.635224_1	CYP13A.e	25.7	490	322	13	12	470	8	486	5.3e-34	141.7
NODE_1993_length_1730_cov_117.635224_1	CYP13A.e	25.7	490	322	13	12	470	8	486	5.3e-34	141.7
NODE_1993_length_1730_cov_117.635224_1	CYP13A.e	25.7	490	322	13	12	470	8	486	5.3e-34	141.7
NODE_1993_length_1730_cov_117.635224_1	CYP13A.d	24.8	501	334	13	11	477	2	493	2.9e-32	136.0
NODE_2109_length_1686_cov_16.020233_1	CYP3A1	29.7	501	330	9	29	525	15	497	7.0e-61	231.1
NODE_2109_length_1686_cov_16.020233_1	CYP3A1	29.7	501	330	9	29	525	15	497	7.0e-61	231.1
NODE_2109_length_1686_cov_16.020233_1	Cyp3a41	30.4	504	328	11	29	527	15	500	2.0e-60	229.6
NODE_2109_length_1686_cov_16.020233_1	Cyp3a41	30.4	504	328	11	29	527	15	500	2.0e-60	229.6
NODE_2109_length_1686_cov_16.020233_1	CYP3A23	29.5	501	329	10	29	525	15	495	6.0e-60	228.0
NODE_2109_length_1686_cov_16.020233_1	CYP3A23	29.5	501	329	10	29	525	15	495	6.0e-60	228.0
NODE_2109_length_1686_cov_16.020233_1	CYP3A2	29.2	500	334	8	29	525	15	497	3.0e-59	225.7
NODE_2109_length_1686_cov_16.020233_1	CYP3A2	29.2	500	334	8	29	525	15	497	3.0e-59	225.7
NODE_2109_length_1686_cov_16.020233_1	CYP3A4	31.2	484	314	7	27	508	13	479	6.6e-59	224.6
NODE_2109_length_1686_cov_16.020233_1	CYP3A4	31.2	484	314	7	27	508	13	479	6.6e-59	224.6
NODE_2109_length_1686_cov_16.020233_1	Cyp3a16	28.3	513	347	10	16	525	5	499	8.1e-57	217.6
NODE_2109_length_1686_cov_16.020233_1	Cyp3a16	28.3	513	347	10	16	525	5	499	8.1e-57	217.6
NODE_2109_length_1686_cov_16.020233_1	CYP3A7	30.9	495	314	10	19	508	9	480	2.3e-56	216.1
NODE_2109_length_1686_cov_16.020233_1	CYP3A7	30.9	495	314	10	19	508	9	480	2.3e-56	216.1
NODE_2109_length_1686_cov_16.020233_1	CYP3A43	29.7	481	315	10	31	506	17	479	5.8e-55	211.5
NODE_2109_length_1686_cov_16.020233_1	CYP3A43	29.7	481	315	10	31	506	17	479	5.8e-55	211.5
NODE_2109_length_1686_cov_16.020233_1	CYP13A.h	25.7	537	343	17	23	526	2	515	6.2e-41	164.9
NODE_2109_length_1686_cov_16.020233_1	CYP13A.h	25.7	537	343	17	23	526	2	515	6.2e-41	164.9
NODE_2109_length_1686_cov_16.020233_1	CYP13A.h	25.7	537	343	17	23	526	2	515	6.2e-41	164.9
NODE_2109_length_1686_cov_16.020233_1	CYP13A.h	25.7	537	343	17	23	526	2	515	6.2e-41	164.9
NODE_2109_length_1686_cov_16.020233_1	CYP4V6	25.7	514	311	16	50	528	35	512	2.9e-38	156.0
NODE_2109_length_1686_cov_16.020233_1	CYP4V6	25.7	514	311	16	50	528	35	512	2.9e-38	156.0
NODE_2109_length_1686_cov_16.020233_1	cb25.fpc4023	24.3	470	337	9	27	488	9	467	1.8e-32	136.7
NODE_2109_length_1686_cov_16.020233_1	cb25.fpc4023	24.3	470	337	9	27	488	9	467	1.8e-32	136.7
NODE_2109_length_1686_cov_16.020233_1	CYP29A2	24.2	483	331	13	22	488	4	467	9.0e-32	134.4
NODE_2463_length_1584_cov_5.387181_1	CYP2P9	34.9	496	304	11	20	510	15	496	4.3e-76	281.6
NODE_2463_length_1584_cov_5.387181_1	CYP2P9	34.9	496	304	11	20	510	15	496	4.3e-76	281.6
NODE_2463_length_1584_cov_5.387181_1	CYP2P9	34.5	496	306	11	20	510	15	496	1.3e-75	280.0
NODE_2463_length_1584_cov_5.387181_1	CYP2P9	34.5	496	306	11	20	510	15	496	1.3e-75	280.0
NODE_2463_length_1584_cov_5.387181_1	CYP2P3	33.6	497	308	10	20	510	18	498	1.4e-74	276.6
NODE_2463_length_1584_cov_5.387181_1	CYP2P3	33.6	497	308	10	20	510	18	498	1.4e-74	276.6
NODE_2463_length_1584_cov_5.387181_1	CYP2P10	34.9	498	302	11	20	510	15	497	5.3e-74	274.6
NODE_2463_length_1584_cov_5.387181_1	CYP2P10	34.9	498	302	11	20	510	15	497	5.3e-74	274.6
NODE_2463_length_1584_cov_5.387181_1	CYP2P10	34.7	498	303	11	20	510	15	497	9.1e-74	273.9
NODE_2463_length_1584_cov_5.387181_1	CYP2P10	34.7	498	303	11	20	510	15	497	9.1e-74	273.9
NODE_2463_length_1584_cov_5.387181_1	CYP2U1	32.9	507	294	16	36	510	52	544	4.5e-73	271.6
NODE_2463_length_1584_cov_5.387181_1	CYP2U1	32.9	507	294	16	36	510	52	544	4.5e-73	271.6
NODE_2463_length_1584_cov_5.387181_1	CYP2U1	32.6	519	313	14	8	503	11	515	1.0e-72	270.4
NODE_2463_length_1584_cov_5.387181_1	CYP2U1	32.6	519	313	14	8	503	11	515	1.0e-72	270.4
NODE_2463_length_1584_cov_5.387181_1	CYP2U1	32.6	519	313	14	8	503	11	515	1.0e-72	270.4
NODE_2463_length_1584_cov_5.387181_1	CYP2U1	32.6	519	313	14	8	503	11	515	1.0e-72	270.4
NODE_2463_length_1584_cov_5.387181_1	CYP2R1	31.5	499	320	10	20	510	21	505	1.4e-71	266.5
NODE_2463_length_1584_cov_5.387181_1	CYP2R1	31.5	499	320	10	20	510	21	505	1.4e-71	266.5
NODE_2463_length_1584_cov_5.387181_1	Cyp1a1	33.5	493	308	10	20	498	16	502	1.6e-70	263.1
NODE_2463_length_1584_cov_5.387181_1	Cyp1a1	33.5	493	308	10	20	498	16	502	1.6e-70	263.1
NODE_2463_length_1584_cov_5.387181_1	CYP2AA7	31.9	498	306	11	25	511	21	496	2.3e-69	259.2
NODE_2463_length_1584_cov_5.387181_1	CYP2AA7	31.9	498	306	11	25	511	21	496	2.3e-69	259.2
NODE_2463_length_1584_cov_5.387181_1	Cyp2u1	31.9	511	305	15	28	510	35	530	1.5e-68	256.5
NODE_2463_length_1584_cov_5.387181_1	Cyp2u1	31.9	511	305	15	28	510	35	530	1.5e-68	256.5
NODE_2463_length_1584_cov_5.387181_1	CYP2U1	33.7	463	275	13	61	510	23	466	7.4e-68	254.2
NODE_2683_length_1518_cov_6.252221_2	Cyp2j6	36.7	319	194	6	8	323	188	501	2.2e-49	192.2
NODE_2683_length_1518_cov_6.252221_2	Cyp2j6	36.7	319	194	6	8	323	188	501	2.2e-49	192.2
NODE_2683_length_1518_cov_6.252221_2	CYP2J2	36.2	309	190	5	8	313	187	491	7.8e-47	183.7
NODE_2683_length_1518_cov_6.252221_2	CYP2J2	36.2	309	190	5	8	313	187	491	7.8e-47	183.7
NODE_2683_length_1518_cov_6.252221_2	Cyp2u1	33.6	324	201	5	8	323	213	530	1.0e-46	183.3
NODE_2683_length_1518_cov_6.252221_2	Cyp2u1	33.6	324	201	5	8	323	213	530	1.0e-46	183.3
NODE_2683_length_1518_cov_6.252221_2	CYP2J2	34.1	308	196	5	8	313	187	489	4.3e-45	177.9
NODE_2683_length_1518_cov_6.252221_2	Cyp2j13	33.5	316	201	6	8	318	187	498	4.3e-45	177.9
NODE_2683_length_1518_cov_6.252221_2	CYP2J2	34.1	308	196	5	8	313	187	489	4.3e-45	177.9
NODE_2683_length_1518_cov_6.252221_2	Cyp2j13	33.5	316	201	6	8	318	187	498	4.3e-45	177.9
NODE_2683_length_1518_cov_6.252221_2	CYP2J3	34.8	310	193	6	8	313	187	491	5.6e-45	177.6
NODE_2683_length_1518_cov_6.252221_2	CYP2J3	34.8	310	193	6	8	313	187	491	5.6e-45	177.6
NODE_2683_length_1518_cov_6.252221_2	CYP2U1	32.1	327	210	4	7	323	209	533	9.5e-45	176.8
NODE_2683_length_1518_cov_6.252221_2	CYP2U1	32.1	327	210	4	7	323	209	533	9.5e-45	176.8
NODE_2683_length_1518_cov_6.252221_2	Cyp2j9	33.9	310	196	6	8	313	187	491	2.3e-43	172.2
NODE_2683_length_1518_cov_6.252221_2	Cyp2j9	33.9	310	196	6	8	313	187	491	2.3e-43	172.2
NODE_2683_length_1518_cov_6.252221_2	CYP2P10	32.2	329	209	6	2	323	176	497	5.2e-43	171.0
NODE_2683_length_1518_cov_6.252221_2	CYP2P10	32.2	329	209	6	2	323	176	497	5.2e-43	171.0
NODE_2683_length_1518_cov_6.252221_2	CYP2N11	35.1	325	200	6	4	323	179	497	6.8e-43	170.6
NODE_2683_length_1518_cov_6.252221_2	CYP2N11	35.1	325	200	6	4	323	179	497	6.8e-43	170.6
NODE_2683_length_1518_cov_6.252221_2	CYP2R1	31.8	327	213	7	2	323	184	505	1.2e-42	169.9
NODE_2683_length_1518_cov_6.252221_2	CYP2R1	31.8	327	213	7	2	323	184	505	1.2e-42	169.9
NODE_2683_length_1518_cov_6.252221_2	CYP2P10	32.2	329	209	6	2	323	176	497	2.6e-42	168.7
NODE_2683_length_1518_cov_6.252221_2	CYP2P10	32.2	329	209	6	2	323	176	497	2.6e-42	168.7
NODE_2683_length_1518_cov_6.252221_2	CYP2V1	31.7	322	206	6	9	323	182	496	9.8e-42	166.8
NODE_2683_length_1518_cov_6.252221_3	CYP2K9	29.3	92	64	1	5	96	64	154	5.1e-06	46.6
NODE_2683_length_1518_cov_6.252221_3	CYP2K9	29.3	92	64	1	5	96	64	154	5.1e-06	46.6
NODE_2780_length_1492_cov_55.598469_1	CYP24	28.1	462	315	4	2	451	58	514	1.0e-57	220.3
NODE_2780_length_1492_cov_55.598469_1	CYP24	28.1	462	315	4	2	451	58	514	1.0e-57	220.3
NODE_2780_length_1492_cov_55.598469_1	Cyp24	28.1	462	315	4	2	451	58	514	3.1e-57	218.8
NODE_2780_length_1492_cov_55.598469_1	Cyp24	28.1	462	315	4	2	451	58	514	3.1e-57	218.8
NODE_2780_length_1492_cov_55.598469_1	CYP24A1	28.3	459	312	5	5	451	61	514	2.0e-56	216.1
NODE_2780_length_1492_cov_55.598469_1	CYP24A1	28.3	459	312	5	5	451	61	514	2.0e-56	216.1
NODE_2780_length_1492_cov_55.598469_1	CYP24A1	27.5	462	317	5	2	451	58	513	2.2e-55	212.6
NODE_2780_length_1492_cov_55.598469_1	CYP24A1	27.5	462	317	5	2	451	58	513	2.2e-55	212.6
NODE_2780_length_1492_cov_55.598469_1	CYP11A1	27.8	461	304	6	13	452	54	506	1.9e-54	209.5
NODE_2780_length_1492_cov_55.598469_1	CYP11A1	27.8	461	304	6	13	452	54	506	1.9e-54	209.5
NODE_2780_length_1492_cov_55.598469_1	CYP11B2	29.3	441	284	7	22	443	60	491	3.0e-52	202.2
NODE_2780_length_1492_cov_55.598469_1	CYP11B2	29.3	441	284	7	22	443	60	491	3.0e-52	202.2
NODE_2780_length_1492_cov_55.598469_1	Cyp11b2	29.3	441	284	7	22	443	60	491	3.9e-52	201.8
NODE_2780_length_1492_cov_55.598469_1	Cyp11b2	29.3	441	284	7	22	443	60	491	3.9e-52	201.8
NODE_2780_length_1492_cov_55.598469_1	CYP27B1	28.5	473	307	8	1	451	43	506	6.6e-52	201.1
NODE_2780_length_1492_cov_55.598469_1	CYP27B1	28.5	473	307	8	1	451	43	506	6.6e-52	201.1
NODE_2780_length_1492_cov_55.598469_1	CYP27B1	29.2	466	296	7	14	451	49	508	2.5e-51	199.1
NODE_2780_length_1492_cov_55.598469_1	CYP27B1	29.2	466	296	7	14	451	49	508	2.5e-51	199.1
NODE_2780_length_1492_cov_55.598469_1	CYP11B1	27.1	439	295	5	22	443	60	490	1.6e-50	196.4
NODE_2780_length_1492_cov_55.598469_1	CYP11B1	27.1	439	295	5	22	443	60	490	1.6e-50	196.4
NODE_2780_length_1492_cov_55.598469_1	Cyp11b1	28.6	440	287	6	22	443	60	490	2.1e-50	196.1
NODE_2780_length_1492_cov_55.598469_1	Cyp11b1	28.6	440	287	6	22	443	60	490	2.1e-50	196.1
NODE_2780_length_1492_cov_55.598469_1	CYP27B1	28.8	479	304	10	1	451	66	535	1.5e-48	189.9
NODE_2780_length_1492_cov_55.598469_1	CYP27B1	28.8	479	304	10	1	451	66	535	1.5e-48	189.9
NODE_2780_length_1492_cov_55.598469_1	CYP27B1	28.1	466	301	6	14	451	42	501	1.3e-47	186.8
NODE_3137_length_1402_cov_10.305122_1	CYP3A99	33.7	472	288	13	5	466	15	471	2.8e-66	248.8
NODE_3137_length_1402_cov_10.305122_1	CYP3A99	33.7	472	288	13	5	466	15	471	2.8e-66	248.8
NODE_3137_length_1402_cov_10.305122_1	Cyp3a57	33.3	472	290	14	5	466	15	471	1.1e-65	246.9
NODE_3137_length_1402_cov_10.305122_1	Cyp3a25	32.6	472	293	12	5	466	15	471	1.1e-65	246.9
NODE_3137_length_1402_cov_10.305122_1	Cyp3a57	33.3	472	290	14	5	466	15	471	1.1e-65	246.9
NODE_3137_length_1402_cov_10.305122_1	Cyp3a25	32.6	472	293	12	5	466	15	471	1.1e-65	246.9
NODE_3137_length_1402_cov_10.305122_1	Cyp3a11	34.3	469	290	11	5	466	15	472	1.4e-65	246.5
NODE_3137_length_1402_cov_10.305122_1	CYP3A9	33.8	476	282	10	5	466	15	471	1.4e-65	246.5
NODE_3137_length_1402_cov_10.305122_1	Cyp3a11	34.3	469	290	11	5	466	15	472	1.4e-65	246.5
NODE_3137_length_1402_cov_10.305122_1	CYP3A9	33.8	476	282	10	5	466	15	471	1.4e-65	246.5
NODE_3137_length_1402_cov_10.305122_1	CYP3A18	33.8	476	282	14	5	466	15	471	1.6e-64	243.0
NODE_3137_length_1402_cov_10.305122_1	CYP3A18	33.8	476	282	14	5	466	15	471	1.6e-64	243.0
NODE_3137_length_1402_cov_10.305122_1	Cyp3a13	33.4	473	288	13	5	466	15	471	2.0e-64	242.7
NODE_3137_length_1402_cov_10.305122_1	Cyp3a13	33.4	473	288	13	5	466	15	471	2.0e-64	242.7
NODE_3137_length_1402_cov_10.305122_1	Cyp3a59	32.3	468	292	12	9	466	24	476	2.7e-64	242.3
NODE_3137_length_1402_cov_10.305122_1	Cyp3a44	33.5	469	294	10	5	466	15	472	2.7e-64	242.3
NODE_3137_length_1402_cov_10.305122_1	Cyp3a59	32.3	468	292	12	9	466	24	476	2.7e-64	242.3
NODE_3137_length_1402_cov_10.305122_1	Cyp3a44	33.5	469	294	10	5	466	15	472	2.7e-64	242.3
NODE_3137_length_1402_cov_10.305122_1	Cyp3a41	34.0	470	291	11	5	466	15	473	5.9e-64	241.1
NODE_3137_length_1402_cov_10.305122_1	Cyp3a41	34.0	470	291	11	5	466	15	473	5.9e-64	241.1
NODE_3137_length_1402_cov_10.305122_1	CYP3A98	32.3	477	288	11	5	466	15	471	3.8e-63	238.4
NODE_3137_length_1402_cov_10.305122_1	CYP3A4	33.5	469	292	12	5	466	15	470	3.8e-63	238.4
NODE_3137_length_1402_cov_10.305122_1	CYP3A5_v1	33.7	469	291	12	5	466	15	470	3.8e-63	238.4
NODE_3137_length_1402_cov_10.305122_1	CYP3A98	32.3	477	288	11	5	466	15	471	3.8e-63	238.4
NODE_3137_length_1402_cov_10.305122_1	CYP3A4	33.5	469	292	12	5	466	15	470	3.8e-63	238.4
NODE_3540_length_1305_cov_6.004800_1	CYP27A.d	28.7	366	242	9	1	356	133	489	2.6e-41	165.6
NODE_3540_length_1305_cov_6.004800_1	CYP27A.d	28.7	366	242	9	1	356	133	489	2.6e-41	165.6
NODE_3540_length_1305_cov_6.004800_1	CYP27A.c	30.4	368	233	11	1	356	131	487	4.4e-41	164.9
NODE_3540_length_1305_cov_6.004800_1	CYP27A.c	30.4	368	233	11	1	356	131	487	4.4e-41	164.9
NODE_3540_length_1305_cov_6.004800_1	CYP27A.b	28.6	367	241	9	1	356	131	487	2.4e-39	159.1
NODE_3540_length_1305_cov_6.004800_1	CYP27B1	27.8	388	264	8	9	384	125	508	2.4e-39	159.1
NODE_3540_length_1305_cov_6.004800_1	CYP27A.b	28.6	367	241	9	1	356	131	487	2.4e-39	159.1
NODE_3540_length_1305_cov_6.004800_1	CYP27B1	27.8	388	264	8	9	384	125	508	2.4e-39	159.1
NODE_3540_length_1305_cov_6.004800_1	CYP27A1	28.1	359	243	7	9	356	145	499	7.1e-39	157.5
NODE_3540_length_1305_cov_6.004800_1	CYP27B1	28.0	389	262	10	9	384	118	501	7.1e-39	157.5
NODE_3540_length_1305_cov_6.004800_1	CYP27A1	28.1	359	243	7	9	356	145	499	7.1e-39	157.5
NODE_3540_length_1305_cov_6.004800_1	CYP27B1	28.0	389	262	10	9	384	118	501	7.1e-39	157.5
NODE_3540_length_1305_cov_6.004800_1	CYP27A.a	27.9	366	245	9	1	356	131	487	1.6e-38	156.4
NODE_3540_length_1305_cov_6.004800_1	CYP27A.a	27.9	366	245	9	1	356	131	487	1.6e-38	156.4
NODE_3540_length_1305_cov_6.004800_1	Cyp27b1	26.4	387	270	7	9	384	134	516	6.6e-37	151.0
NODE_3540_length_1305_cov_6.004800_1	Cyp27b1	26.4	387	270	7	9	384	134	516	6.6e-37	151.0
NODE_3540_length_1305_cov_6.004800_1	CYP27B1	28.7	363	237	9	9	357	152	506	2.5e-36	149.1
NODE_3540_length_1305_cov_6.004800_1	CYP27B1	28.7	363	237	9	9	357	152	506	2.5e-36	149.1
NODE_3540_length_1305_cov_6.004800_1	CYP27B1	26.0	354	252	8	9	357	129	477	9.6e-36	147.1
NODE_3540_length_1305_cov_6.004800_1	CYP27B1	26.0	354	252	8	9	357	129	477	9.6e-36	147.1
NODE_3540_length_1305_cov_6.004800_1	CYP27B1	27.1	358	247	10	9	362	125	472	7.6e-33	137.5
NODE_3540_length_1305_cov_6.004800_1	CYP27B1	27.1	358	247	10	9	362	125	472	7.6e-33	137.5
NODE_3540_length_1305_cov_6.004800_1	CYP3A18	23.4	384	268	10	16	384	124	496	1.3e-21	100.1
NODE_3540_length_1305_cov_6.004800_1	CYP3A18	23.4	384	268	10	16	384	124	496	1.3e-21	100.1
NODE_3540_length_1305_cov_6.004800_1	Cyp3a59	24.5	384	264	10	16	384	129	501	3.3e-20	95.5
NODE_3818_length_1247_cov_16.169463_1	Cyp3a16	37.2	363	207	6	1	360	142	486	2.6e-62	235.3
NODE_3818_length_1247_cov_16.169463_1	Cyp3a16	37.2	363	207	6	1	360	142	486	2.6e-62	235.3
NODE_3818_length_1247_cov_16.169463_1	Cyp3a11	35.5	363	213	6	1	360	140	484	1.4e-60	229.6
NODE_3818_length_1247_cov_16.169463_1	Cyp3a11	35.5	363	213	6	1	360	140	484	1.4e-60	229.6
NODE_3818_length_1247_cov_16.169463_1	CYP3A1	35.2	364	213	7	1	360	140	484	1.9e-60	229.2
NODE_3818_length_1247_cov_16.169463_1	CYP3A1	35.2	364	213	7	1	360	140	484	1.9e-60	229.2
NODE_3818_length_1247_cov_16.169463_1	CYP3A23	35.4	364	210	8	1	360	140	482	1.6e-59	226.1
NODE_3818_length_1247_cov_16.169463_1	CYP3A23	35.4	364	210	8	1	360	140	482	1.6e-59	226.1
NODE_3818_length_1247_cov_16.169463_1	CYP3A2	35.0	363	215	6	1	360	140	484	2.1e-59	225.7
NODE_3818_length_1247_cov_16.169463_1	CYP3A2	35.0	363	215	6	1	360	140	484	2.1e-59	225.7
NODE_3818_length_1247_cov_16.169463_1	Cyp3a44	35.0	363	215	6	1	360	140	484	2.7e-59	225.3
NODE_3818_length_1247_cov_16.169463_1	Cyp3a44	35.0	363	215	6	1	360	140	484	2.7e-59	225.3
NODE_3818_length_1247_cov_16.169463_1	CYP3A9	35.0	374	220	6	1	371	140	493	7.8e-59	223.8
NODE_3818_length_1247_cov_16.169463_1	CYP3A9	35.0	374	220	6	1	371	140	493	7.8e-59	223.8
NODE_3818_length_1247_cov_16.169463_1	CYP3A18	35.4	362	212	6	1	359	140	482	1.0e-58	223.4
NODE_3818_length_1247_cov_16.169463_1	CYP3A18	35.4	362	212	6	1	359	140	482	1.0e-58	223.4
NODE_3818_length_1247_cov_16.169463_1	Cyp3a57	34.3	361	215	6	2	359	141	482	3.9e-58	221.5
NODE_3818_length_1247_cov_16.169463_1	Cyp3a57	34.3	361	215	6	2	359	141	482	3.9e-58	221.5
NODE_3818_length_1247_cov_16.169463_1	CYP3A5_v1	35.0	363	213	6	1	360	140	482	5.1e-58	221.1
NODE_3818_length_1247_cov_16.169463_1	CYP3A5_v1	35.0	363	213	6	1	360	140	482	5.1e-58	221.1
NODE_3818_length_1247_cov_16.169463_1	Cyp3a25	34.9	364	211	7	1	359	140	482	1.1e-57	219.9
NODE_3818_length_1247_cov_16.169463_1	Cyp3a25	34.9	364	211	7	1	359	140	482	1.1e-57	219.9
NODE_3818_length_1247_cov_16.169463_1	CYP3A4	35.0	366	209	7	1	360	140	482	2.8e-56	215.3
NODE_3818_length_1247_cov_16.169463_1	CYP3A4	35.0	366	209	7	1	360	140	482	2.8e-56	215.3
NODE_3818_length_1247_cov_16.169463_1	CYP3A98	33.1	375	228	6	1	372	140	494	6.2e-56	214.2
NODE_5932_length_901_cov_18.965721_1	CYP149A1	34.5	200	125	2	20	219	4	197	1.2e-25	112.8
NODE_5932_length_901_cov_18.965721_1	CYP149A1	34.5	200	125	2	20	219	4	197	1.2e-25	112.8
NODE_5995_length_893_cov_1.955847_1	CYP2AA8	35.2	298	182	3	2	297	148	436	2.5e-52	201.8
NODE_5995_length_893_cov_1.955847_1	CYP2AA8	35.2	298	182	3	2	297	148	436	2.5e-52	201.8
NODE_5995_length_893_cov_1.955847_1	CYP2D6	37.4	297	174	4	2	295	149	436	7.4e-52	200.3
NODE_5995_length_893_cov_1.955847_1	CYP2D6	37.4	297	174	4	2	295	149	436	7.4e-52	200.3
NODE_5995_length_893_cov_1.955847_1	CYP2U1	37.0	292	174	5	10	297	189	474	8.1e-51	196.8
NODE_5995_length_893_cov_1.955847_1	CYP2U1	37.0	292	174	5	10	297	189	474	8.1e-51	196.8
NODE_5995_length_893_cov_1.955847_1	CYP2AA7	34.9	298	183	3	2	297	148	436	3.1e-50	194.9
NODE_5995_length_893_cov_1.955847_1	CYP2AA7	34.9	298	183	3	2	297	148	436	3.1e-50	194.9
NODE_5995_length_893_cov_1.955847_1	CYP2U1	34.1	299	186	5	2	297	195	485	2.2e-48	188.7
NODE_5995_length_893_cov_1.955847_1	CYP2U1	34.1	299	186	5	2	297	195	485	2.2e-48	188.7
NODE_5995_length_893_cov_1.955847_1	Cyp2u1	33.9	298	188	3	2	297	181	471	1.1e-47	186.4
NODE_5995_length_893_cov_1.955847_1	Cyp2u1	33.9	298	188	3	2	297	181	471	1.1e-47	186.4
NODE_5995_length_893_cov_1.955847_1	CYP2U1	33.2	298	189	4	2	297	118	407	4.6e-46	181.0
NODE_5995_length_893_cov_1.955847_1	CYP2U1	33.2	298	189	4	2	297	118	407	4.6e-46	181.0
NODE_5995_length_893_cov_1.955847_1	CYP2D15	35.7	297	179	5	2	295	152	439	6.0e-46	180.6
NODE_5995_length_893_cov_1.955847_1	CYP2D15	35.7	297	179	5	2	295	152	439	6.0e-46	180.6
NODE_5995_length_893_cov_1.955847_1	Cyp2t4	32.8	296	193	1	2	297	146	435	1.0e-45	179.9
NODE_5995_length_893_cov_1.955847_1	Cyp2t4	32.8	296	193	1	2	297	146	435	1.0e-45	179.9
NODE_5995_length_893_cov_1.955847_1	CYP2Y1	33.1	299	184	8	2	295	142	429	3.3e-44	174.9
NODE_5995_length_893_cov_1.955847_1	CYP2Y1	33.1	299	184	8	2	295	142	429	3.3e-44	174.9
NODE_5995_length_893_cov_1.955847_1	Cyp2f2	34.7	297	182	5	2	295	142	429	4.8e-43	171.0
NODE_5995_length_893_cov_1.955847_1	Cyp2f2	34.7	297	182	5	2	295	142	429	4.8e-43	171.0
NODE_5995_length_893_cov_1.955847_1	Cyp1a1	36.8	258	157	2	31	288	194	445	6.2e-43	170.6
NODE_5995_length_893_cov_1.955847_1	Cyp1a1	36.8	258	157	2	31	288	194	445	6.2e-43	170.6
NODE_5995_length_893_cov_1.955847_1	CYP2Y3	31.0	294	199	2	2	295	142	431	8.2e-43	170.2
NODE_6022_length_888_cov_4.937575_1	CYP2AA6	36.1	291	182	3	3	292	210	497	2.5e-52	201.8
NODE_6022_length_888_cov_4.937575_1	CYP2AA6	36.1	291	182	3	3	292	210	497	2.5e-52	201.8
NODE_6022_length_888_cov_4.937575_1	CYP2AA7	36.3	289	180	3	5	292	210	495	5.2e-50	194.1
NODE_6022_length_888_cov_4.937575_1	CYP2AA7	36.3	289	180	3	5	292	210	495	5.2e-50	194.1
NODE_6022_length_888_cov_4.937575_1	CYP2AA1	35.6	289	181	4	5	292	210	494	8.9e-50	193.4
NODE_6022_length_888_cov_4.937575_1	CYP2AA1	35.6	289	181	4	5	292	210	494	8.9e-50	193.4
NODE_6022_length_888_cov_4.937575_1	CYP2AA1	36.0	289	180	4	5	292	210	494	1.5e-49	192.6
NODE_6022_length_888_cov_4.937575_1	CYP2AA1	36.0	289	180	4	5	292	210	494	1.5e-49	192.6
NODE_6022_length_888_cov_4.937575_1	CYP2U1	38.6	280	160	4	10	282	249	523	5.8e-49	190.7
NODE_6022_length_888_cov_4.937575_1	CYP2U1	38.6	280	160	4	10	282	249	523	5.8e-49	190.7
NODE_6022_length_888_cov_4.937575_1	CYP2U1	39.0	269	159	2	17	282	246	512	1.3e-48	189.5
NODE_6022_length_888_cov_4.937575_1	CYP2U1	39.0	269	159	2	17	282	246	512	1.3e-48	189.5
NODE_6022_length_888_cov_4.937575_1	CYP2U1	39.0	269	159	2	17	282	246	512	1.3e-48	189.5
NODE_6022_length_888_cov_4.937575_1	CYP2U1	39.0	269	159	2	17	282	246	512	1.3e-48	189.5
NODE_6022_length_888_cov_4.937575_1	CYP2AA2	34.3	289	186	3	5	292	210	495	8.3e-48	186.8
NODE_6022_length_888_cov_4.937575_1	CYP2AA2	34.3	289	186	3	5	292	210	495	8.3e-48	186.8
NODE_6022_length_888_cov_4.937575_1	CYP2AA5	34.9	289	184	3	5	292	210	495	5.4e-47	184.1
NODE_6022_length_888_cov_4.937575_1	CYP2AA5	34.9	289	184	3	5	292	210	495	5.4e-47	184.1
NODE_6022_length_888_cov_4.937575_1	CYP2AA8	32.9	289	190	3	5	292	210	495	1.2e-46	183.0
NODE_6022_length_888_cov_4.937575_1	CYP2AA8	32.9	289	190	3	5	292	210	495	1.2e-46	183.0
NODE_6022_length_888_cov_4.937575_1	CYP2AA8	36.0	247	157	1	47	292	12	258	1.6e-43	172.6
NODE_6022_length_888_cov_4.937575_1	CYP2AA8	36.0	247	157	1	47	292	12	258	1.6e-43	172.6
NODE_6022_length_888_cov_4.937575_1	CYP2D6	34.1	279	177	5	17	292	223	497	2.8e-43	171.8
NODE_6022_length_888_cov_4.937575_1	CYP2D6	34.1	279	177	5	17	292	223	497	2.8e-43	171.8
NODE_6022_length_888_cov_4.937575_1	CYP2R1	36.2	246	149	3	23	261	227	471	2.0e-41	165.6
NODE_6058_length_883_cov_78.265700_1	Cyp3a41	37.6	298	178	6	1	293	76	370	6.8e-42	167.2
NODE_6058_length_883_cov_78.265700_1	Cyp3a41	37.6	298	178	6	1	293	76	370	6.8e-42	167.2
NODE_6058_length_883_cov_78.265700_1	Cyp3a11	36.2	301	178	7	1	293	76	370	4.4e-41	164.5
NODE_6058_length_883_cov_78.265700_1	Cyp3a11	36.2	301	178	7	1	293	76	370	4.4e-41	164.5
NODE_6058_length_883_cov_78.265700_1	CYP3A98	35.4	297	185	5	1	293	76	369	9.2e-39	156.8
NODE_6058_length_883_cov_78.265700_1	CYP3A98	35.4	297	185	5	1	293	76	369	9.2e-39	156.8
NODE_6058_length_883_cov_78.265700_1	CYP3A99	34.3	297	188	5	1	293	76	369	2.1e-38	155.6
NODE_6058_length_883_cov_78.265700_1	CYP3A99	34.3	297	188	5	1	293	76	369	2.1e-38	155.6
NODE_6058_length_883_cov_78.265700_1	CYP3A1	35.2	301	181	7	1	293	76	370	1.0e-37	153.3
NODE_6058_length_883_cov_78.265700_1	CYP3A1	35.2	301	181	7	1	293	76	370	1.0e-37	153.3
NODE_6058_length_883_cov_78.265700_1	CYP3A23	35.5	301	178	8	1	293	76	368	1.3e-37	152.9
NODE_6058_length_883_cov_78.265700_1	CYP3A23	35.5	301	178	8	1	293	76	368	1.3e-37	152.9
NODE_6058_length_883_cov_78.265700_1	Cyp3a44	36.1	305	175	8	1	294	76	371	1.7e-37	152.5
NODE_6058_length_883_cov_78.265700_1	Cyp3a44	36.1	305	175	8	1	294	76	371	1.7e-37	152.5
NODE_6058_length_883_cov_78.265700_1	CYP3A5_v1	34.7	297	187	5	1	293	76	369	2.3e-37	152.1
NODE_6058_length_883_cov_78.265700_1	CYP3A5_v1	34.7	297	187	5	1	293	76	369	2.3e-37	152.1
NODE_6058_length_883_cov_78.265700_1	CYP3A9	35.0	300	182	6	1	293	76	369	3.0e-37	151.8
NODE_6058_length_883_cov_78.265700_1	CYP3A9	35.0	300	182	6	1	293	76	369	3.0e-37	151.8
NODE_6058_length_883_cov_78.265700_1	CYP3A2	36.0	303	176	8	1	293	76	370	1.1e-36	149.8
NODE_6058_length_883_cov_78.265700_1	CYP3A2	36.0	303	176	8	1	293	76	370	1.1e-36	149.8
NODE_6058_length_883_cov_78.265700_1	Cyp3a13	33.3	300	187	6	1	293	76	369	4.3e-36	147.9
NODE_6058_length_883_cov_78.265700_1	Cyp3a13	33.3	300	187	6	1	293	76	369	4.3e-36	147.9
NODE_6058_length_883_cov_78.265700_1	Cyp3a25	33.7	300	186	6	1	293	76	369	7.3e-36	147.1
NODE_6058_length_883_cov_78.265700_1	Cyp3a25	33.7	300	186	6	1	293	76	369	7.3e-36	147.1
NODE_6058_length_883_cov_78.265700_1	CYP3A4	34.6	298	185	6	1	293	76	368	1.2e-35	146.4
NODE_6858_length_787_cov_4.778689_1	Cyp4v3	43.0	230	130	1	8	236	293	522	3.8e-54	207.6
NODE_6858_length_787_cov_4.778689_1	Cyp4v3	43.0	230	130	1	8	236	293	522	3.8e-54	207.6
NODE_6858_length_787_cov_4.778689_1	CYP37A1	45.5	224	121	1	13	236	302	524	5.1e-51	197.2
NODE_6858_length_787_cov_4.778689_1	CYP37A1	45.5	224	121	1	13	236	302	524	5.1e-51	197.2
NODE_6858_length_787_cov_4.778689_1	CYP32A1	41.6	238	133	2	4	235	285	522	8.7e-51	196.4
NODE_6858_length_787_cov_4.778689_1	CYP32A1	41.6	238	133	2	4	235	285	522	8.7e-51	196.4
NODE_6858_length_787_cov_4.778689_1	CYP4V7	39.0	236	143	1	2	236	275	510	1.4e-48	189.1
NODE_6858_length_787_cov_4.778689_1	CYP4V7	39.0	236	143	1	2	236	275	510	1.4e-48	189.1
NODE_6858_length_787_cov_4.778689_1	CYP4V2	41.1	231	130	4	8	235	293	520	3.1e-48	188.0
NODE_6858_length_787_cov_4.778689_1	CYP4V2	41.1	231	130	4	8	235	293	520	3.1e-48	188.0
NODE_6858_length_787_cov_4.778689_1	CYP4V6	40.6	234	138	1	2	234	276	509	1.2e-47	186.0
NODE_6858_length_787_cov_4.778689_1	CYP4V6	40.6	234	138	1	2	234	276	509	1.2e-47	186.0
NODE_6858_length_787_cov_4.778689_1	Cyp4f17	41.4	227	128	4	8	231	292	516	2.9e-46	181.4
NODE_6858_length_787_cov_4.778689_1	Cyp4f17	41.4	227	128	4	8	231	292	516	2.9e-46	181.4
NODE_6858_length_787_cov_4.778689_1	CYP4F2	40.5	227	130	4	8	231	292	516	1.2e-44	176.0
NODE_6858_length_787_cov_4.778689_1	CYP4F12	40.0	230	133	4	5	231	289	516	1.2e-44	176.0
NODE_6858_length_787_cov_4.778689_1	CYP4F2	40.5	227	130	4	8	231	292	516	1.2e-44	176.0
NODE_6858_length_787_cov_4.778689_1	CYP4F12	40.0	230	133	4	5	231	289	516	1.2e-44	176.0
NODE_6858_length_787_cov_4.778689_1	CYP4F22	40.4	228	132	4	7	231	298	524	2.7e-44	174.9
NODE_6858_length_787_cov_4.778689_1	CYP4F22	40.4	228	132	4	7	231	298	524	2.7e-44	174.9
NODE_6858_length_787_cov_4.778689_1	CYP31A2	40.3	238	140	2	1	238	258	493	3.6e-44	174.5
NODE_6858_length_787_cov_4.778689_1	CYP31A2	40.3	238	140	2	1	238	258	493	3.6e-44	174.5
NODE_6858_length_787_cov_4.778689_1	CYP4F3	40.1	227	131	4	8	231	292	516	6.1e-44	173.7
NODE_6858_length_787_cov_4.778689_1	CYP4F3	40.1	227	131	4	8	231	292	516	6.1e-44	173.7
NODE_6858_length_787_cov_4.778689_1	CYP4F8	38.3	227	135	4	8	231	292	516	2.3e-43	171.8
NODE_8285_length_656_cov_3.126456_1	CYP2J2	40.8	218	127	2	2	218	264	480	4.6e-43	170.6
NODE_8285_length_656_cov_3.126456_1	Cyp2j13	39.9	223	127	5	1	218	264	484	4.6e-43	170.6
NODE_8285_length_656_cov_3.126456_1	CYP2J2	40.8	218	127	2	2	218	264	480	4.6e-43	170.6
NODE_8285_length_656_cov_3.126456_1	Cyp2j13	39.9	223	127	5	1	218	264	484	4.6e-43	170.6
NODE_8285_length_656_cov_3.126456_1	Cyp2j12	38.2	220	132	3	2	218	264	482	7.8e-43	169.9
NODE_8285_length_656_cov_3.126456_1	Cyp2j12	38.2	220	132	3	2	218	264	482	7.8e-43	169.9
NODE_8285_length_656_cov_3.126456_1	Cyp2j8	39.2	217	128	3	1	214	265	480	1.3e-42	169.1
NODE_8285_length_656_cov_3.126456_1	Cyp2j8	39.2	217	128	3	1	214	265	480	1.3e-42	169.1
NODE_8285_length_656_cov_3.126456_1	CYP2Y3	38.6	215	127	2	3	212	252	466	3.9e-42	167.5
NODE_8285_length_656_cov_3.126456_1	CYP2D2	39.3	214	126	3	3	212	261	474	3.9e-42	167.5
NODE_8285_length_656_cov_3.126456_1	CYP2Y3	38.6	215	127	2	3	212	252	466	3.9e-42	167.5
NODE_8285_length_656_cov_3.126456_1	CYP2D2	39.3	214	126	3	3	212	261	474	3.9e-42	167.5
NODE_8285_length_656_cov_3.126456_1	CYP2Z1	39.2	217	131	1	3	218	263	479	5.1e-42	167.2
NODE_8285_length_656_cov_3.126456_1	CYP2Z1	39.2	217	131	1	3	218	263	479	5.1e-42	167.2
NODE_8285_length_656_cov_3.126456_1	CYP2P6	38.7	217	129	3	3	216	259	474	1.1e-41	166.0
NODE_8285_length_656_cov_3.126456_1	CYP2P6	38.7	217	129	3	3	216	259	474	1.1e-41	166.0
NODE_8285_length_656_cov_3.126456_1	CYP2AD3	37.9	219	133	2	3	218	256	474	1.5e-41	165.6
NODE_8285_length_656_cov_3.126456_1	Cyp2d26	40.1	217	125	4	3	215	261	476	1.5e-41	165.6
NODE_8285_length_656_cov_3.126456_1	Cyp2j9	38.0	221	133	3	1	218	263	482	1.5e-41	165.6
NODE_8285_length_656_cov_3.126456_1	CYP2AD3	37.9	219	133	2	3	218	256	474	1.5e-41	165.6
NODE_8285_length_656_cov_3.126456_1	Cyp2d26	40.1	217	125	4	3	215	261	476	1.5e-41	165.6
NODE_8285_length_656_cov_3.126456_1	Cyp2j9	38.0	221	133	3	1	218	263	482	1.5e-41	165.6
NODE_8285_length_656_cov_3.126456_1	CYP2AD2	38.4	219	132	2	3	218	255	473	1.9e-41	165.2
NODE_8285_length_656_cov_3.126456_1	Cyp2j6	38.9	216	129	3	1	214	264	478	1.9e-41	165.2
NODE_8285_length_656_cov_3.126456_1	CYP2AD2	38.4	219	132	2	3	218	255	473	1.9e-41	165.2
NODE_8521_length_637_cov_4.154639_1	CYP102A6	27.7	220	147	6	2	211	766	983	1.6e-16	82.4
NODE_8521_length_637_cov_4.154639_1	CYP102A6	27.7	220	147	6	2	211	766	983	1.6e-16	82.4
NODE_8521_length_637_cov_4.154639_1	CYP102A11	27.2	217	145	5	3	208	760	974	2.7e-16	81.6
NODE_8521_length_637_cov_4.154639_1	CYP5205A1	29.1	227	140	9	1	212	890	1110	2.7e-16	81.6
NODE_8521_length_637_cov_4.154639_1	CYP102A11	27.2	217	145	5	3	208	760	974	2.7e-16	81.6
NODE_8521_length_637_cov_4.154639_1	CYP5205A1	29.1	227	140	9	1	212	890	1110	2.7e-16	81.6
NODE_8521_length_637_cov_4.154639_1	CYP102A10	26.7	217	146	5	3	208	759	973	6.1e-16	80.5
NODE_8521_length_637_cov_4.154639_1	CYP102A10	26.7	217	146	5	3	208	759	973	6.1e-16	80.5
NODE_8521_length_637_cov_4.154639_1	CYP5205A3	29.3	225	137	9	1	208	882	1101	1.5e-14	75.9
NODE_8521_length_637_cov_4.154639_1	CYP5205A3	29.3	225	137	9	1	208	882	1101	1.5e-14	75.9
NODE_8521_length_637_cov_4.154639_1	CYP102A13	26.6	218	147	6	2	208	766	981	4.8e-13	70.9
NODE_8521_length_637_cov_4.154639_1	CYP102A14	26.6	218	147	6	2	208	766	981	4.8e-13	70.9
NODE_8521_length_637_cov_4.154639_1	CYP102A13	26.6	218	147	6	2	208	766	981	4.8e-13	70.9
NODE_8521_length_637_cov_4.154639_1	CYP102A14	26.6	218	147	6	2	208	766	981	4.8e-13	70.9
NODE_8521_length_637_cov_4.154639_1	CYP505A9	25.7	214	144	5	4	208	759	966	1.1e-12	69.7
NODE_8521_length_637_cov_4.154639_1	CYP505A9	25.7	214	144	5	4	208	759	966	1.1e-12	69.7
NODE_9961_length_546_cov_3.692464_1	Cyp2j6	35.5	152	88	5	4	153	29	172	2.2e-19	91.7
NODE_9961_length_546_cov_3.692464_1	Cyp2j6	35.5	152	88	5	4	153	29	172	2.2e-19	91.7
NODE_9961_length_546_cov_3.692464_1	CYP2X2	34.9	152	88	6	3	151	12	155	5.0e-19	90.5
NODE_9961_length_546_cov_3.692464_1	CYP2X2	34.9	152	88	6	3	151	12	155	5.0e-19	90.5
NODE_9961_length_546_cov_3.692464_1	Cyp2j11	35.0	160	85	6	3	153	25	174	1.2e-17	85.9
NODE_9961_length_546_cov_3.692464_1	Cyp2j11	35.0	160	85	6	3	153	25	174	1.2e-17	85.9
NODE_9961_length_546_cov_3.692464_1	CYP2AD3	34.9	149	85	4	1	147	20	158	2.1e-17	85.1
NODE_9961_length_546_cov_3.692464_1	CYP2AD3	34.9	149	85	4	1	147	20	158	2.1e-17	85.1
NODE_9961_length_546_cov_3.692464_1	Cyp2j7	29.7	158	96	4	3	153	25	174	8.8e-16	79.7
NODE_9961_length_546_cov_3.692464_1	Cyp2j7	29.7	158	96	4	3	153	25	174	8.8e-16	79.7
NODE_9961_length_546_cov_3.692464_1	CYP2Z2	31.8	154	94	4	1	150	21	167	1.5e-15	79.0
NODE_9961_length_546_cov_3.692464_1	CYP2Z2	31.8	154	94	4	1	150	21	167	1.5e-15	79.0
NODE_9961_length_546_cov_3.692464_1	Cyp2j13	32.9	155	91	5	4	153	26	172	2.0e-15	78.6
NODE_9961_length_546_cov_3.692464_1	Cyp2j13	32.9	155	91	5	4	153	26	172	2.0e-15	78.6
NODE_9961_length_546_cov_3.692464_1	CYP2P3	30.6	183	115	6	1	181	23	195	2.2e-14	75.1
NODE_9961_length_546_cov_3.692464_1	CYP2P3	30.6	183	115	6	1	181	23	195	2.2e-14	75.1
NODE_11727_length_457_cov_57.400498_1	CYP3A18	47.6	63	32	1	3	65	432	493	1.1e-11	64.7
NODE_11727_length_457_cov_57.400498_1	CYP3A18	47.6	63	32	1	3	65	432	493	1.1e-11	64.7
NODE_11727_length_457_cov_57.400498_1	Cyp3a16	48.2	56	29	0	3	58	435	490	7.3e-11	62.0
NODE_11727_length_457_cov_57.400498_1	Cyp3a16	48.2	56	29	0	3	58	435	490	7.3e-11	62.0
NODE_11727_length_457_cov_57.400498_1	CYP3A65	42.9	63	35	1	3	65	510	571	2.1e-10	60.5
NODE_11727_length_457_cov_57.400498_1	CYP3A1	46.4	56	30	0	3	58	433	488	2.1e-10	60.5
NODE_11727_length_457_cov_57.400498_1	CYP3A23	46.4	56	30	0	3	58	431	486	2.1e-10	60.5
NODE_11727_length_457_cov_57.400498_1	CYP3A65	42.9	63	35	1	3	65	510	571	2.1e-10	60.5
NODE_11727_length_457_cov_57.400498_1	CYP3A1	46.4	56	30	0	3	58	433	488	2.1e-10	60.5
NODE_11727_length_457_cov_57.400498_1	CYP3A23	46.4	56	30	0	3	58	431	486	2.1e-10	60.5
NODE_11727_length_457_cov_57.400498_1	CYP5A1	38.5	65	39	1	3	67	467	530	8.0e-10	58.5
NODE_11727_length_457_cov_57.400498_1	CYP3A7	46.4	56	30	0	3	58	432	487	8.0e-10	58.5
NODE_11727_length_457_cov_57.400498_1	CYP5A1	38.5	65	39	1	3	67	467	530	8.0e-10	58.5
NODE_11727_length_457_cov_57.400498_1	CYP3A7	46.4	56	30	0	3	58	432	487	8.0e-10	58.5
NODE_13995_length_379_cov_2.070988_1	CYP3A18	38.7	124	73	2	1	124	313	433	1.9e-17	84.7
NODE_13995_length_379_cov_2.070988_1	CYP3A18	38.7	124	73	2	1	124	313	433	1.9e-17	84.7
NODE_13995_length_379_cov_2.070988_1	CYP3A2	37.9	124	74	2	1	124	314	434	7.2e-17	82.8
NODE_13995_length_379_cov_2.070988_1	CYP3A2	37.9	124	74	2	1	124	314	434	7.2e-17	82.8
NODE_13995_length_379_cov_2.070988_1	CYP3A1	37.1	124	75	2	1	124	314	434	1.2e-16	82.0
NODE_13995_length_379_cov_2.070988_1	CYP3A23	37.1	124	75	2	1	124	312	432	1.2e-16	82.0
NODE_13995_length_379_cov_2.070988_1	CYP3A1	37.1	124	75	2	1	124	314	434	1.2e-16	82.0
NODE_13995_length_379_cov_2.070988_1	CYP3A23	37.1	124	75	2	1	124	312	432	1.2e-16	82.0
NODE_13995_length_379_cov_2.070988_1	CYP3A98	36.3	124	76	2	1	124	313	433	3.6e-16	80.5
NODE_13995_length_379_cov_2.070988_1	CYP3A9	37.4	123	74	2	2	124	314	433	3.6e-16	80.5
NODE_13995_length_379_cov_2.070988_1	CYP3A98	36.3	124	76	2	1	124	313	433	3.6e-16	80.5
NODE_13995_length_379_cov_2.070988_1	CYP3A9	37.4	123	74	2	2	124	314	433	3.6e-16	80.5
NODE_13995_length_379_cov_2.070988_1	Cyp3a44	37.9	124	74	2	1	124	314	434	6.1e-16	79.7
NODE_13995_length_379_cov_2.070988_1	Cyp3a44	37.9	124	74	2	1	124	314	434	6.1e-16	79.7
NODE_13995_length_379_cov_2.070988_1	CYP3A99	36.7	120	71	3	6	124	318	433	1.0e-15	79.0
NODE_13995_length_379_cov_2.070988_1	CYP3A49	33.1	127	80	3	1	124	288	412	1.0e-15	79.0
NODE_13995_length_379_cov_2.070988_1	CYP3A99	36.7	120	71	3	6	124	318	433	1.0e-15	79.0
NODE_13995_length_379_cov_2.070988_1	CYP3A49	33.1	127	80	3	1	124	288	412	1.0e-15	79.0
NODE_13995_length_379_cov_2.070988_1	Cyp3a41	37.6	125	74	3	1	124	314	435	1.8e-15	78.2
NODE_13995_length_379_cov_2.070988_1	Cyp3a11	36.3	124	76	2	1	124	314	434	1.8e-15	78.2
NODE_13995_length_379_cov_2.070988_1	Cyp3a41	37.6	125	74	3	1	124	314	435	1.8e-15	78.2
NODE_13995_length_379_cov_2.070988_1	Cyp3a11	36.3	124	76	2	1	124	314	434	1.8e-15	78.2
NODE_13995_length_379_cov_2.070988_1	Cyp3a13	35.8	123	76	2	2	124	314	433	5.2e-15	76.6
NODE_13995_length_379_cov_2.070988_1	Cyp3a13	35.8	123	76	2	2	124	314	433	5.2e-15	76.6
NODE_13995_length_379_cov_2.070988_1	CYP71B8	38.1	113	67	2	5	116	315	425	8.8e-15	75.9
NODE_14545_length_363_cov_12.707792_1	CYP102A8	30.0	110	76	1	1	109	953	1062	1.2e-10	62.0
NODE_14545_length_363_cov_12.707792_1	CYP102A8	30.0	110	76	1	1	109	953	1062	1.2e-10	62.0
NODE_14545_length_363_cov_12.707792_1	CYP102A4	29.1	110	77	1	1	109	953	1062	3.4e-10	60.5
NODE_14545_length_363_cov_12.707792_1	CYP102A4	29.1	110	77	1	1	109	953	1062	3.4e-10	60.5
NODE_14545_length_363_cov_12.707792_1	CYP102A15	30.5	95	65	1	16	109	952	1046	1.7e-09	58.2
NODE_14545_length_363_cov_12.707792_1	CYP102A15	30.5	95	65	1	16	109	952	1046	1.7e-09	58.2
NODE_16370_length_321_cov_1.703008_1	CYP3A7	32.2	90	55	3	6	94	21	105	5.7e-07	49.7
NODE_16370_length_321_cov_1.703008_1	CYP5A1	29.0	93	61	2	2	94	23	110	5.7e-07	49.7
NODE_16370_length_321_cov_1.703008_1	CYP3A7	32.2	90	55	3	6	94	21	105	5.7e-07	49.7
NODE_16370_length_321_cov_1.703008_1	CYP5A1	29.0	93	61	2	2	94	23	110	5.7e-07	49.7
NODE_16370_length_321_cov_1.703008_1	CYP3A98	31.5	92	57	3	4	94	19	105	1.8e-05	44.7
NODE_16370_length_321_cov_1.703008_1	CYP3A98	31.5	92	57	3	4	94	19	105	1.8e-05	44.7
NODE_16370_length_321_cov_1.703008_1	CYP3A99	29.3	92	59	3	4	94	19	105	3.1e-05	43.9
NODE_16370_length_321_cov_1.703008_1	CYP3A99	29.3	92	59	3	4	94	19	105	3.1e-05	43.9
NODE_16370_length_321_cov_1.703008_1	CYP3A4	29.3	92	59	3	4	94	19	105	7.0e-05	42.7
NODE_16370_length_321_cov_1.703008_1	CYP3A4	29.3	92	59	3	4	94	19	105	7.0e-05	42.7
NODE_17149_length_306_cov_2.553785_1	CYP42A1	53.2	94	43	1	3	96	359	451	5.8e-25	109.4
NODE_17149_length_306_cov_2.553785_1	CYP42A1	53.2	94	43	1	3	96	359	451	5.8e-25	109.4
NODE_17149_length_306_cov_2.553785_1	CYP4V5	49.0	98	49	1	3	99	364	461	4.2e-23	103.2
NODE_17149_length_306_cov_2.553785_1	CYP4V5	49.0	98	49	1	3	99	364	461	4.2e-23	103.2
NODE_17149_length_306_cov_2.553785_1	CYP4V6	49.5	99	47	2	3	99	364	461	9.3e-23	102.1
NODE_17149_length_306_cov_2.553785_1	CYP4V6	49.5	99	47	2	3	99	364	461	9.3e-23	102.1
NODE_17149_length_306_cov_2.553785_1	CYP4V7	45.5	99	51	2	3	99	363	460	2.8e-19	90.5
NODE_17149_length_306_cov_2.553785_1	CYP4V7	45.5	99	51	2	3	99	363	460	2.8e-19	90.5
NODE_17149_length_306_cov_2.553785_1	CYP198A1	40.2	97	56	1	2	96	217	313	9.0e-18	85.5
NODE_17149_length_306_cov_2.553785_1	CYP198A1	40.2	97	56	1	2	96	217	313	9.0e-18	85.5
NODE_17149_length_306_cov_2.553785_1	CYP567F1	41.7	96	56	0	1	96	343	438	1.3e-16	81.6
NODE_17149_length_306_cov_2.553785_1	CYP567F1	41.7	96	56	0	1	96	343	438	1.3e-16	81.6
NODE_17149_length_306_cov_2.553785_1	Cyp3a16	37.0	100	62	1	1	99	351	450	1.7e-16	81.3
NODE_17149_length_306_cov_2.553785_1	Cyp3a16	37.0	100	62	1	1	99	351	450	1.7e-16	81.3
NODE_17149_length_306_cov_2.553785_1	CYP711	38.8	103	58	2	1	99	371	472	2.2e-16	80.9
NODE_17149_length_306_cov_2.553785_1	CYP711	38.8	103	58	2	1	99	371	472	2.2e-16	80.9
NODE_17149_length_306_cov_2.553785_1	CYP3A99	37.0	100	62	1	1	99	348	447	2.4e-15	77.4
NODE_17149_length_306_cov_2.553785_1	CYP3A99	37.0	100	62	1	1	99	348	447	2.4e-15	77.4
NODE_17149_length_306_cov_2.553785_1	CYP110E5	40.2	97	55	2	1	96	302	396	4.2e-15	76.6
NODE_17149_length_306_cov_2.553785_1	CYP110E5	40.2	97	55	2	1	96	302	396	4.2e-15	76.6
NODE_17149_length_306_cov_2.553785_1	CYP5030A1	38.3	107	56	2	3	99	429	535	5.5e-15	76.3
NODE_17149_length_306_cov_2.553785_1	CYP5030A1	38.3	107	56	2	3	99	429	535	5.5e-15	76.3
NODE_17149_length_306_cov_2.553785_1	Cyp3a11	33.0	100	66	1	1	99	349	448	1.6e-14	74.7
NODE_17149_length_306_cov_2.553785_1	Cyp3a11	33.0	100	66	1	1	99	349	448	1.6e-14	74.7
NODE_17149_length_306_cov_2.553785_1	Cyp3a41	34.7	101	64	1	1	99	349	449	2.7e-14	73.9
NODE_17896_length_293_cov_228.857143_1	CYP3A2	51.5	97	45	1	1	97	354	448	8.9e-23	102.1
NODE_17896_length_293_cov_228.857143_1	CYP3A2	51.5	97	45	1	1	97	354	448	8.9e-23	102.1
NODE_17896_length_293_cov_228.857143_1	CYP3A49	49.5	97	47	1	1	97	332	426	2.6e-22	100.5
NODE_17896_length_293_cov_228.857143_1	Cyp3a16	51.5	97	45	1	1	97	356	450	2.6e-22	100.5
NODE_17896_length_293_cov_228.857143_1	Cyp3a44	50.5	97	46	1	1	97	354	448	2.6e-22	100.5
NODE_17896_length_293_cov_228.857143_1	CYP3A49	49.5	97	47	1	1	97	332	426	2.6e-22	100.5
NODE_17896_length_293_cov_228.857143_1	Cyp3a16	51.5	97	45	1	1	97	356	450	2.6e-22	100.5
NODE_17896_length_293_cov_228.857143_1	Cyp3a44	50.5	97	46	1	1	97	354	448	2.6e-22	100.5
NODE_17896_length_293_cov_228.857143_1	CYP3A48	50.5	97	46	1	1	97	353	447	5.8e-22	99.4
NODE_17896_length_293_cov_228.857143_1	CYP3A48	50.5	97	46	1	1	97	353	447	5.8e-22	99.4
NODE_17896_length_293_cov_228.857143_1	Cyp3a57	46.4	97	50	1	1	97	353	447	3.7e-21	96.7
NODE_17896_length_293_cov_228.857143_1	Cyp3a57	46.4	97	50	1	1	97	353	447	3.7e-21	96.7
NODE_17896_length_293_cov_228.857143_1	CYP3A98	49.5	97	47	1	1	97	353	447	6.4e-21	95.9
NODE_17896_length_293_cov_228.857143_1	Cyp3a13	49.5	97	47	1	1	97	353	447	6.4e-21	95.9
NODE_17896_length_293_cov_228.857143_1	CYP3A9	48.5	97	48	1	1	97	353	447	6.4e-21	95.9
NODE_17896_length_293_cov_228.857143_1	CYP3A98	49.5	97	47	1	1	97	353	447	6.4e-21	95.9
NODE_17896_length_293_cov_228.857143_1	Cyp3a13	49.5	97	47	1	1	97	353	447	6.4e-21	95.9
NODE_17896_length_293_cov_228.857143_1	CYP3A9	48.5	97	48	1	1	97	353	447	6.4e-21	95.9
NODE_17896_length_293_cov_228.857143_1	CYP3A1	48.5	97	48	1	1	97	354	448	8.3e-21	95.5
NODE_17896_length_293_cov_228.857143_1	CYP3A23	48.5	97	48	1	1	97	352	446	8.3e-21	95.5
NODE_17896_length_293_cov_228.857143_1	CYP3A1	48.5	97	48	1	1	97	354	448	8.3e-21	95.5
NODE_17896_length_293_cov_228.857143_1	CYP3A23	48.5	97	48	1	1	97	352	446	8.3e-21	95.5
NODE_17896_length_293_cov_228.857143_1	CYP3A18	47.4	97	49	1	1	97	353	447	1.4e-20	94.7
NODE_17896_length_293_cov_228.857143_1	CYP3A18	47.4	97	49	1	1	97	353	447	1.4e-20	94.7
NODE_17896_length_293_cov_228.857143_1	Cyp3a25	45.4	97	51	1	1	97	353	447	4.1e-20	93.2
NODE_17902_length_293_cov_18.726891_1	Cyp3a16	50.5	97	46	1	1	97	356	450	3.7e-21	96.7
NODE_17902_length_293_cov_18.726891_1	Cyp3a44	48.5	97	48	1	1	97	354	448	3.7e-21	96.7
NODE_17902_length_293_cov_18.726891_1	Cyp3a16	50.5	97	46	1	1	97	356	450	3.7e-21	96.7
NODE_17902_length_293_cov_18.726891_1	Cyp3a44	48.5	97	48	1	1	97	354	448	3.7e-21	96.7
NODE_17902_length_293_cov_18.726891_1	CYP3A2	48.5	97	48	1	1	97	354	448	1.1e-20	95.1
NODE_17902_length_293_cov_18.726891_1	CYP3A2	48.5	97	48	1	1	97	354	448	1.1e-20	95.1
NODE_17902_length_293_cov_18.726891_1	CYP3A1	48.0	100	44	2	1	97	354	448	4.1e-20	93.2
NODE_17902_length_293_cov_18.726891_1	CYP3A23	48.0	100	44	2	1	97	352	446	4.1e-20	93.2
NODE_17902_length_293_cov_18.726891_1	CYP3A1	48.0	100	44	2	1	97	354	448	4.1e-20	93.2
NODE_17902_length_293_cov_18.726891_1	CYP3A23	48.0	100	44	2	1	97	352	446	4.1e-20	93.2
NODE_17902_length_293_cov_18.726891_1	Cyp4a10	44.2	95	50	2	3	97	370	461	7.1e-20	92.4
NODE_17902_length_293_cov_18.726891_1	Cyp4a32	44.2	95	50	2	3	97	370	461	7.1e-20	92.4
NODE_17902_length_293_cov_18.726891_1	CYP4A1	44.2	95	50	2	3	97	370	461	7.1e-20	92.4
NODE_17902_length_293_cov_18.726891_1	Cyp4a10	44.2	95	50	2	3	97	370	461	7.1e-20	92.4
NODE_17902_length_293_cov_18.726891_1	Cyp4a32	44.2	95	50	2	3	97	370	461	7.1e-20	92.4
NODE_17902_length_293_cov_18.726891_1	CYP4A1	44.2	95	50	2	3	97	370	461	7.1e-20	92.4
NODE_17902_length_293_cov_18.726891_1	CYP3A98	50.0	100	42	2	1	97	353	447	1.2e-19	91.7
NODE_17902_length_293_cov_18.726891_1	Cyp3a57	44.0	100	48	2	1	97	353	447	1.2e-19	91.7
NODE_17902_length_293_cov_18.726891_1	CYP3A98	50.0	100	42	2	1	97	353	447	1.2e-19	91.7
NODE_17902_length_293_cov_18.726891_1	Cyp3a57	44.0	100	48	2	1	97	353	447	1.2e-19	91.7
NODE_17902_length_293_cov_18.726891_1	CYP3A49	46.4	97	50	1	1	97	332	426	1.6e-19	91.3
NODE_17902_length_293_cov_18.726891_1	Cyp3a13	48.5	97	48	1	1	97	353	447	1.6e-19	91.3
NODE_17902_length_293_cov_18.726891_1	Cyp4a31	44.2	95	50	2	3	97	368	459	1.6e-19	91.3
NODE_17902_length_293_cov_18.726891_1	Cyp4v3	44.3	97	52	1	1	97	378	472	1.6e-19	91.3
NODE_17902_length_293_cov_18.726891_1	CYP3A9	47.4	97	49	1	1	97	353	447	1.6e-19	91.3
NODE_19715_length_268_cov_1.291080_1	CYP4F8	54.7	75	34	0	3	77	419	493	4.5e-21	96.3
NODE_19715_length_268_cov_1.291080_1	CYP4F8	54.7	75	34	0	3	77	419	493	4.5e-21	96.3
NODE_19715_length_268_cov_1.291080_1	Cyp4b1	52.6	76	36	0	2	77	405	480	5.0e-20	92.8
NODE_19715_length_268_cov_1.291080_1	Cyp4b1	52.6	76	36	0	2	77	405	480	5.0e-20	92.8
NODE_19715_length_268_cov_1.291080_1	CYP4X1	53.1	81	37	1	6	86	408	487	8.5e-20	92.0
NODE_19715_length_268_cov_1.291080_1	CYP31A2	50.6	79	39	0	6	84	390	468	8.5e-20	92.0
NODE_19715_length_268_cov_1.291080_1	CYP4X1	53.1	81	37	1	6	86	408	487	8.5e-20	92.0
NODE_19715_length_268_cov_1.291080_1	CYP31A2	50.6	79	39	0	6	84	390	468	8.5e-20	92.0
NODE_19715_length_268_cov_1.291080_1	CYP4F12	55.6	72	32	0	6	77	422	493	1.1e-19	91.7
NODE_19715_length_268_cov_1.291080_1	Cyp4f15	56.8	74	32	0	6	79	434	507	1.1e-19	91.7
NODE_19715_length_268_cov_1.291080_1	CYP4F4	56.8	74	32	0	6	79	422	495	1.1e-19	91.7
NODE_19715_length_268_cov_1.291080_1	CYP4F12	55.6	72	32	0	6	77	422	493	1.1e-19	91.7
NODE_19715_length_268_cov_1.291080_1	Cyp4f15	56.8	74	32	0	6	79	434	507	1.1e-19	91.7
NODE_19715_length_268_cov_1.291080_1	CYP4F4	56.8	74	32	0	6	79	422	495	1.1e-19	91.7
NODE_19715_length_268_cov_1.291080_1	CYP4F43	52.8	72	34	0	6	77	412	483	3.2e-19	90.1
NODE_19715_length_268_cov_1.291080_1	CYP4F3	54.2	72	33	0	6	77	422	493	3.2e-19	90.1
NODE_19715_length_268_cov_1.291080_1	Cyp4f16	54.1	74	34	0	6	79	422	495	3.2e-19	90.1
NODE_19715_length_268_cov_1.291080_1	Cyp4f17	54.1	74	34	0	6	79	422	495	3.2e-19	90.1
NODE_19715_length_268_cov_1.291080_1	CYP4B1	52.7	74	35	0	2	75	403	476	3.2e-19	90.1
NODE_19715_length_268_cov_1.291080_1	CYP4F43	52.8	72	34	0	6	77	412	483	3.2e-19	90.1
NODE_19715_length_268_cov_1.291080_1	CYP4F3	54.2	72	33	0	6	77	422	493	3.2e-19	90.1
NODE_19715_length_268_cov_1.291080_1	Cyp4f16	54.1	74	34	0	6	79	422	495	3.2e-19	90.1
NODE_19715_length_268_cov_1.291080_1	Cyp4f17	54.1	74	34	0	6	79	422	495	3.2e-19	90.1
NODE_19715_length_268_cov_1.291080_1	CYP4B1	52.7	74	35	0	2	75	403	476	3.2e-19	90.1
NODE_19715_length_268_cov_1.291080_1	CYP4F2	54.2	72	33	0	6	77	422	493	5.5e-19	89.4
NODE_19802_length_267_cov_0.867925_1	CYP3A43	41.2	85	49	1	3	87	295	378	3.3e-16	80.1
NODE_19802_length_267_cov_0.867925_1	CYP3A43	41.2	85	49	1	3	87	295	378	3.3e-16	80.1
NODE_19802_length_267_cov_0.867925_1	CYP3A98	45.3	86	44	2	3	87	294	377	5.6e-16	79.3
NODE_19802_length_267_cov_0.867925_1	CYP3A4	40.0	85	50	1	3	87	293	376	5.6e-16	79.3
NODE_19802_length_267_cov_0.867925_1	CYP3A98	45.3	86	44	2	3	87	294	377	5.6e-16	79.3
NODE_19802_length_267_cov_0.867925_1	CYP3A4	40.0	85	50	1	3	87	293	376	5.6e-16	79.3
NODE_19802_length_267_cov_0.867925_1	Cyp3a57	43.4	83	46	1	3	85	294	375	7.3e-16	79.0
NODE_19802_length_267_cov_0.867925_1	CYP3A18	42.9	84	47	1	3	86	294	376	7.3e-16	79.0
NODE_19802_length_267_cov_0.867925_1	Cyp3a57	43.4	83	46	1	3	85	294	375	7.3e-16	79.0
NODE_19802_length_267_cov_0.867925_1	CYP3A18	42.9	84	47	1	3	86	294	376	7.3e-16	79.0
NODE_19802_length_267_cov_0.867925_1	Cyp3a59	41.7	84	48	1	3	86	299	381	1.3e-15	78.2
NODE_19802_length_267_cov_0.867925_1	Cyp3a59	41.7	84	48	1	3	86	299	381	1.3e-15	78.2
NODE_19802_length_267_cov_0.867925_1	CYP3A5_v1	38.8	85	51	1	3	87	294	377	2.1e-15	77.4
NODE_19802_length_267_cov_0.867925_1	Cyp3a11	40.0	85	50	1	3	87	295	378	2.1e-15	77.4
NODE_19802_length_267_cov_0.867925_1	Cyp3a25	41.7	84	48	1	3	86	294	376	2.1e-15	77.4
NODE_19802_length_267_cov_0.867925_1	CYP3A1	42.4	85	48	1	3	87	295	378	2.1e-15	77.4
NODE_19802_length_267_cov_0.867925_1	CYP3A23	42.4	85	48	1	3	87	293	376	2.1e-15	77.4
NODE_19802_length_267_cov_0.867925_1	CYP3A5_v1	38.8	85	51	1	3	87	294	377	2.1e-15	77.4
NODE_19802_length_267_cov_0.867925_1	Cyp3a11	40.0	85	50	1	3	87	295	378	2.1e-15	77.4
NODE_19802_length_267_cov_0.867925_1	Cyp3a25	41.7	84	48	1	3	86	294	376	2.1e-15	77.4
NODE_19802_length_267_cov_0.867925_1	CYP3A1	42.4	85	48	1	3	87	295	378	2.1e-15	77.4
NODE_19802_length_267_cov_0.867925_1	CYP3A23	42.4	85	48	1	3	87	293	376	2.1e-15	77.4
NODE_19802_length_267_cov_0.867925_1	CYP3A9	42.4	85	48	1	3	87	294	377	2.8e-15	77.0
NODE_19802_length_267_cov_0.867925_1	CYP3A9	42.4	85	48	1	3	87	294	377	2.8e-15	77.0
NODE_19802_length_267_cov_0.867925_1	CYP3A99	42.4	85	48	1	3	87	294	377	3.6e-15	76.6
NODE_22153_length_240_cov_0.691892_1	Cyp3a11	42.3	78	45	0	2	79	126	203	3.1e-13	70.1
NODE_22153_length_240_cov_0.691892_1	Cyp3a11	42.3	78	45	0	2	79	126	203	3.1e-13	70.1
NODE_22153_length_240_cov_0.691892_1	Cyp3a59	41.0	78	46	0	2	79	131	208	5.3e-13	69.3
NODE_22153_length_240_cov_0.691892_1	Cyp3a59	41.0	78	46	0	2	79	131	208	5.3e-13	69.3
NODE_22153_length_240_cov_0.691892_1	Cyp3a63-ps	41.0	78	46	0	2	79	101	178	6.9e-13	68.9
NODE_22153_length_240_cov_0.691892_1	Cyp3a63-ps	41.0	78	46	0	2	79	101	178	6.9e-13	68.9
NODE_22153_length_240_cov_0.691892_1	CYP3A5_v1	41.0	78	46	0	2	79	126	203	9.0e-13	68.6
NODE_22153_length_240_cov_0.691892_1	CYP3A5_v1	41.0	78	46	0	2	79	126	203	9.0e-13	68.6
NODE_22153_length_240_cov_0.691892_1	Cyp3a41	41.0	78	46	0	2	79	126	203	1.5e-12	67.8
NODE_22153_length_240_cov_0.691892_1	CYP3A18	41.0	78	46	0	2	79	126	203	1.5e-12	67.8
NODE_22153_length_240_cov_0.691892_1	Cyp3a41	41.0	78	46	0	2	79	126	203	1.5e-12	67.8
NODE_22153_length_240_cov_0.691892_1	CYP3A18	41.0	78	46	0	2	79	126	203	1.5e-12	67.8
NODE_22153_length_240_cov_0.691892_1	CYP3A99	39.7	78	47	0	2	79	126	203	2.0e-12	67.4
NODE_22153_length_240_cov_0.691892_1	Cyp3a25	39.7	78	47	0	2	79	126	203	2.0e-12	67.4
NODE_22153_length_240_cov_0.691892_1	CYP3A1	39.7	78	47	0	2	79	126	203	2.0e-12	67.4
NODE_22153_length_240_cov_0.691892_1	CYP3A2	39.7	78	47	0	2	79	126	203	2.0e-12	67.4
NODE_22153_length_240_cov_0.691892_1	CYP3A99	39.7	78	47	0	2	79	126	203	2.0e-12	67.4
NODE_22153_length_240_cov_0.691892_1	Cyp3a25	39.7	78	47	0	2	79	126	203	2.0e-12	67.4
NODE_22153_length_240_cov_0.691892_1	CYP3A1	39.7	78	47	0	2	79	126	203	2.0e-12	67.4
NODE_22153_length_240_cov_0.691892_1	CYP3A2	39.7	78	47	0	2	79	126	203	2.0e-12	67.4
NODE_22153_length_240_cov_0.691892_1	CYP3A98	39.7	78	47	0	2	79	126	203	2.6e-12	67.0
NODE_22153_length_240_cov_0.691892_1	CYP3A9	38.5	78	48	0	2	79	126	203	2.6e-12	67.0
NODE_22153_length_240_cov_0.691892_1	CYP3A98	39.7	78	47	0	2	79	126	203	2.6e-12	67.0
NODE_22153_length_240_cov_0.691892_1	CYP3A9	38.5	78	48	0	2	79	126	203	2.6e-12	67.0
NODE_22153_length_240_cov_0.691892_1	CYP3A4	41.0	78	46	0	2	79	126	203	3.4e-12	66.6
NODE_23169_length_230_cov_2.354286_1	CYP27A3	41.8	67	38	1	10	75	369	435	1.5e-09	57.8
NODE_23169_length_230_cov_2.354286_1	CYP27A3	41.8	67	38	1	10	75	305	371	1.5e-09	57.8
NODE_23169_length_230_cov_2.354286_1	CYP27A3	41.8	67	38	1	10	75	369	435	1.5e-09	57.8
NODE_23169_length_230_cov_2.354286_1	CYP27A3	41.8	67	38	1	10	75	305	371	1.5e-09	57.8
NODE_23169_length_230_cov_2.354286_1	Cyp27a1	49.2	63	31	1	12	73	380	442	2.6e-09	57.0
NODE_23169_length_230_cov_2.354286_1	Cyp27a1	49.2	63	31	1	12	73	380	442	2.6e-09	57.0
NODE_23169_length_230_cov_2.354286_1	CYP27A1	43.9	66	36	1	12	76	374	439	7.5e-09	55.5
NODE_23169_length_230_cov_2.354286_1	CYP27A1	43.9	66	36	1	12	76	374	439	7.5e-09	55.5
NODE_23169_length_230_cov_2.354286_1	CYP27A.d	42.9	63	35	1	12	73	371	433	1.7e-08	54.3
NODE_23169_length_230_cov_2.354286_1	CYP27A.d	42.9	63	35	1	12	73	371	433	1.7e-08	54.3
NODE_23169_length_230_cov_2.354286_1	CYP27A1	45.5	66	35	1	12	76	380	445	2.2e-08	53.9
NODE_23169_length_230_cov_2.354286_1	CYP27A1	45.5	66	35	1	12	76	380	445	2.2e-08	53.9
NODE_23169_length_230_cov_2.354286_1	CYP27A.c	42.9	63	35	1	12	73	369	431	4.9e-08	52.8
NODE_23169_length_230_cov_2.354286_1	CYP27A.c	42.9	63	35	1	12	73	369	431	4.9e-08	52.8
NODE_23169_length_230_cov_2.354286_1	CYP4V7	34.2	76	50	0	1	76	350	425	6.3e-08	52.4
NODE_23169_length_230_cov_2.354286_1	CYP4V7	34.2	76	50	0	1	76	350	425	6.3e-08	52.4
NODE_23169_length_230_cov_2.354286_1	Cyp27b1	42.9	63	36	0	11	73	369	431	8.3e-08	52.0
NODE_23169_length_230_cov_2.354286_1	Cyp27b1	42.9	63	36	0	11	73	369	431	8.3e-08	52.0
NODE_23169_length_230_cov_2.354286_1	CYP27B1	40.3	62	36	1	16	76	357	418	1.1e-07	51.6
NODE_23169_length_230_cov_2.354286_1	CYP27A.a	42.9	63	35	1	12	73	369	431	1.1e-07	51.6
NODE_23169_length_230_cov_2.354286_1	CYP27B1	40.3	62	36	1	16	76	357	418	1.1e-07	51.6
NODE_23169_length_230_cov_2.354286_1	CYP27A.a	42.9	63	35	1	12	73	369	431	1.1e-07	51.6
NODE_23169_length_230_cov_2.354286_1	CYP27B1	40.6	64	38	0	3	66	346	409	1.8e-07	50.8
NODE_23169_length_230_cov_2.354286_1	CYP27B1	40.6	64	38	0	3	66	346	409	1.8e-07	50.8
NODE_23169_length_230_cov_2.354286_1	CYP27A.b	41.3	63	36	1	12	73	369	431	2.4e-07	50.4
NODE_23919_length_224_cov_1.325444_1	CYP5A1	55.0	60	27	0	15	74	422	481	6.8e-15	75.5
NODE_23919_length_224_cov_1.325444_1	CYP5A1	55.0	60	27	0	15	74	422	481	6.8e-15	75.5
NODE_23919_length_224_cov_1.325444_1	CYP3A98	49.2	61	31	0	14	74	386	446	2.6e-14	73.6
NODE_23919_length_224_cov_1.325444_1	CYP3A98	49.2	61	31	0	14	74	386	446	2.6e-14	73.6
NODE_23919_length_224_cov_1.325444_1	CYP3A1	49.2	61	31	0	14	74	387	447	7.5e-14	72.0
NODE_23919_length_224_cov_1.325444_1	CYP3A23	49.2	61	31	0	14	74	385	445	7.5e-14	72.0
NODE_23919_length_224_cov_1.325444_1	CYP3A1	49.2	61	31	0	14	74	387	447	7.5e-14	72.0
NODE_23919_length_224_cov_1.325444_1	CYP3A23	49.2	61	31	0	14	74	385	445	7.5e-14	72.0
NODE_23919_length_224_cov_1.325444_1	CYP3A9	49.2	61	31	0	14	74	386	446	9.8e-14	71.6
NODE_23919_length_224_cov_1.325444_1	CYP3A9	49.2	61	31	0	14	74	386	446	9.8e-14	71.6
NODE_23919_length_224_cov_1.325444_1	CYP3A49	49.2	61	31	0	14	74	365	425	1.3e-13	71.2
NODE_23919_length_224_cov_1.325444_1	Cyp3a44	49.2	61	31	0	14	74	387	447	1.3e-13	71.2
NODE_23919_length_224_cov_1.325444_1	CYP3A49	49.2	61	31	0	14	74	365	425	1.3e-13	71.2
NODE_23919_length_224_cov_1.325444_1	Cyp3a44	49.2	61	31	0	14	74	387	447	1.3e-13	71.2
NODE_23919_length_224_cov_1.325444_1	CYP3A27	47.5	61	32	0	14	74	391	451	2.2e-13	70.5
NODE_23919_length_224_cov_1.325444_1	Cyp3a16	49.2	61	31	0	14	74	389	449	2.2e-13	70.5
NODE_23919_length_224_cov_1.325444_1	CYP3A27	47.5	61	32	0	14	74	391	451	2.2e-13	70.5
NODE_23919_length_224_cov_1.325444_1	Cyp3a16	49.2	61	31	0	14	74	389	449	2.2e-13	70.5
NODE_23919_length_224_cov_1.325444_1	CYP3A65	47.5	61	32	0	14	74	464	524	2.9e-13	70.1
NODE_23919_length_224_cov_1.325444_1	Cyp4b1	43.1	72	40	1	1	72	387	457	2.9e-13	70.1
NODE_23919_length_224_cov_1.325444_1	CYP3A65	47.5	61	32	0	14	74	464	524	2.9e-13	70.1
NODE_23919_length_224_cov_1.325444_1	Cyp4b1	43.1	72	40	1	1	72	387	457	2.9e-13	70.1
NODE_23919_length_224_cov_1.325444_1	Cyp3a57	45.9	61	33	0	14	74	386	446	8.3e-13	68.6
NODE_23919_length_224_cov_1.325444_1	Cyp3a57	45.9	61	33	0	14	74	386	446	8.3e-13	68.6
NODE_23919_length_224_cov_1.325444_1	CYP3A48	48.3	60	31	0	15	74	387	446	1.4e-12	67.8
NODE_26311_length_206_cov_1.205298_1	CYP97B3	33.3	63	42	0	3	65	135	197	5.3e-06	45.8
NODE_26311_length_206_cov_1.205298_1	CYP97B3	33.3	63	42	0	3	65	135	197	5.3e-06	45.8
NODE_26311_length_206_cov_1.205298_1	CYP97A3	35.4	65	42	0	2	66	167	231	9.1e-06	45.1
NODE_26311_length_206_cov_1.205298_1	CYP97A3	35.4	65	42	0	2	66	167	231	9.1e-06	45.1
